web_scraper_order,web_scraper_start_url,data,data2,data3,image
"1786124408-1","https://sawa9ly.app/wishlist","Support smartphone réglable pour rétroviseur de voiture 360 degrés","1,450 دج","+ أضف إلى السلة","https://sawaqli.fra1.cdn.digitaloceanspaces.com/262/38-cm-48.jpg"
"1786124408-2","https://sawa9ly.app/wishlist","3 Étagères Murale en Bois de Décoration  Forme Carrée","1,900 دج","+ أضف إلى السلة","https://sawaqli.fra1.cdn.digitaloceanspaces.com/970/5.3-9.jpg"
"1786124408-3","https://sawa9ly.app/wishlist","Porte Manteau Piano en Bois 7crochet Design Moderne BLANC-NOIR","1,600 دج","+ أضف إلى السلة","https://sawaqli.fra1.cdn.digitaloceanspaces.com/995/38-cm-2023-02-13T151808.288.jpg"
"1786124408-4","https://sawa9ly.app/wishlist","Porte Manteau Piano en Bois 7crochet Design Moderne BLANC-MARRON","1,600 دج","+ أضف إلى السلة","https://sawaqli.fra1.cdn.digitaloceanspaces.com/1003/Porte-Manteau-Blanc-Marron-7Cro-CNC.jpg"
"1786124408-5","https://sawa9ly.app/wishlist","Trottinette rabattable pour bébés 3 ans et plus","1,200 دج","+ أضف إلى السلة","https://sawaqli.fra1.cdn.digitaloceanspaces.com/2249/ball50pcs-1.jpg"
"1786124408-6","https://sawa9ly.app/wishlist","LED MESSAGE LIGHT BOX -Noir et Blanc","1,600 دج","+ أضف إلى السلة","https://sawaqli.fra1.cdn.digitaloceanspaces.com/3075/313501412_5543976542350137_3714700089762439692_n.jpg"
"1786124408-7","https://sawa9ly.app/wishlist","Multimètre Portable avec une paire de stylos de Test pour mesurer la tension DC AC et le courant continu YX-1000A","1,050 دج","+ أضف إلى السلة","https://sawaqli.fra1.cdn.digitaloceanspaces.com/3313/0-16.jpg"
"1786124408-8","https://sawa9ly.app/wishlist","GloveLite Gant Lumineux Pour Un Travail Pratique","750 دج","+ أضف إلى السلة","https://sawaqli.fra1.cdn.digitaloceanspaces.com/3434/sg-11134201-22110-9wjrdgi1nyjv7c.jpg"
"1786124408-9","https://sawa9ly.app/wishlist","Tirroire Caisse Eléctronique avec Serrure à Clé Intégrée Mac Tech MT-T190","11,500 دج","+ أضف إلى السلة","https://sawaqli.fra1.cdn.digitaloceanspaces.com/19829/mt190.webp"
"1786124408-10","https://sawa9ly.app/wishlist","Caisse à Outils de Réparation 47 pièces MAC-TECH","4,150 دج","+ أضف إلى السلة","https://sawaqli.fra1.cdn.digitaloceanspaces.com/3450/38-cm-4-1.jpg"
"1786124408-11","https://sawa9ly.app/wishlist","Lampe frontale 6000LM COB à Induction Rechargeable 5 Modes","1,150 دج","+ أضف إلى السلة","https://sawaqli.fra1.cdn.digitaloceanspaces.com/3467/38-cm-86.jpg"
"1786124408-12","https://sawa9ly.app/wishlist","Niveau Laser 4en1 Fixit Level pro 3 Outil de musure Polyvalent Ruban De 8 Pieds","1,450 دج","+ أضف إلى السلة","https://sawa9ly.app/storage/64256/mesure.jpg"
"1786124408-13","https://sawa9ly.app/wishlist","Caisse De 40 Clés À Douilles Mixtes 1/4″ Et 3/8″ Aiwa","1,150 دج","+ أضف إلى السلة","https://sawaqli.fra1.cdn.digitaloceanspaces.com/3568/الفولاذ-المقاوم-للصدأ-1-1.jpg"
"1786124408-14","https://sawa9ly.app/wishlist","Balle de Yoga suisse ,Stretches, équilibre, résistance à la tension, gymnastique,fitness a la maison","2,250 دج","+ أضف إلى السلة","https://sawaqli.fra1.cdn.digitaloceanspaces.com/3851/8d1b64b4568cf2f60a50531a1ee7edfa.jpg"
"1786124408-15","https://sawa9ly.app/wishlist","Bande 5Pcs de résistance élastique extensible pour l’entraînement","1,800 دج","+ أضف إلى السلة","https://sawaqli.fra1.cdn.digitaloceanspaces.com/3888/Bande-de-resistance-elastique-Mini-Bande-3.jpg"
"1786124408-16","https://sawa9ly.app/wishlist","Chende Lampe pour miroir de courtoisie 10 psc Hollywood Style","1,700 دج","+ أضف إلى السلة","https://sawaqli.fra1.cdn.digitaloceanspaces.com/4406/61wdjyPzjdS._AC_SL1200_.jpg"
"1786124408-17","https://sawa9ly.app/wishlist","Barre a fix Extreme de traction Iron Gym  multifonctionnelle antidérapant","3,400 دج","+ أضف إلى السلة","https://sawaqli.fra1.cdn.digitaloceanspaces.com/6679/1-4.jpg"
"1786124408-18","https://sawa9ly.app/wishlist","Sac à couches pour maman grande capacité  Multi-Usage","1,850 دج","+ أضف إلى السلة","https://sawaqli.fra1.cdn.digitaloceanspaces.com/7047/Living-Traveling-Share-10.jpg"
"1786124408-19","https://sawa9ly.app/wishlist","Kit de 3 lampes Led sans fil avec télécommande","1,400 دج","+ أضف إلى السلة","https://sawaqli.fra1.cdn.digitaloceanspaces.com/7054/0-26.jpg"
"1786124408-20","https://sawa9ly.app/wishlist","Finger Exerciseur de doigts pour l’entraînement physique et renforcement des mains","800 دج","+ أضف إلى السلة","https://sawaqli.fra1.cdn.digitaloceanspaces.com/7084/WhatsApp-Image-2023-05-14-a-16.15.359.webp"
"1786124408-21","https://sawa9ly.app/wishlist","Trancheuse à légumes multifonctionnelle","1,900 دج","+ أضف إلى السلة","https://sawa9ly.app/storage/63465/Slice-Thinner-cnc.jpg"
"1786124408-22","https://sawa9ly.app/wishlist","Kit d’arrosage 02 Pcs TOTAL ( thwsk0201 )","2,350 دج","+ أضف إلى السلة","https://sawaqli.fra1.cdn.digitaloceanspaces.com/8121/KIT-D-ARROSAGE-02PCS-THWSK0201-TOTAL.jpg"
"1786124408-23","https://sawa9ly.app/wishlist","Kit de renforcement de la poignée (5 Pieces) entraîneur de force de préhension, entraînement de l'avant-bras, réglables, renforcement des doigts, anneau et balle anti-stress avec sac de transport مجموعة تقوية قبضة اليد (5 قطع)","1,600 دج","+ أضف إلى السلة","https://sawaqli.fra1.cdn.digitaloceanspaces.com/9418/WhatsApp-Image-2023-11-05-at-12.29.28.jpeg"
"1786124408-24","https://sawa9ly.app/wishlist","Sac de rangement universel pour pare-soleil de voiture avec étui à lunettes, porte","1,950 دج","+ أضف إلى السلة","https://sawaqli.fra1.cdn.digitaloceanspaces.com/9425/sfgsf5487021545slkkjqjcvxcqf.jpg"
"1786124408-25","https://sawa9ly.app/wishlist","Ensemble Thermos avec 3 tasses thermique 500ml en acier inoxydable","2,050 دج","+ أضف إلى السلة","https://sawaqli.fra1.cdn.digitaloceanspaces.com/9639/878xc654c3w232d656d5d-1.jpg"
"1786124408-26","https://sawa9ly.app/wishlist","Porte Manteau Piano en Bois 7 crochet Design Moderne NATURE-MARRON","1,500 دج","+ أضف إلى السلة","https://sawaqli.fra1.cdn.digitaloceanspaces.com/9745/BIODECOR-7_qz95-r9.jpg"
"1786124408-27","https://sawa9ly.app/wishlist","Chauffe-biberon Portable USB pour bébé  سخان زجاجات الأطفال المحمول USB","1,950 دج","+ أضف إلى السلة","https://sawaqli.fra1.cdn.digitaloceanspaces.com/9966/S8a753b5eacfe4b938c77f4ced90e563dS.png"
"1786124408-28","https://sawa9ly.app/wishlist","Boule d'équilibre de bureau à mouvement perpétuel,décor anti-stress","1,800 دج","+ أضف إلى السلة","https://sawaqli.fra1.cdn.digitaloceanspaces.com/10123/dfdfsf00000sds.jpg"
"1786124408-29","https://sawa9ly.app/wishlist","figurine de Dessin Animé  Naruto shippuden","1,200 دج","+ أضف إلى السلة","https://sawaqli.fra1.cdn.digitaloceanspaces.com/12286/photo1703694399.jpeg"
"1786124408-30","https://sawa9ly.app/wishlist","Réchaud à gaz de camping allumage automatique","4,100 دج","+ أضف إلى السلة","https://sawaqli.fra1.cdn.digitaloceanspaces.com/23476/rechaud-gaz.jpg"
"1786124408-31","https://sawa9ly.app/wishlist","MACHINE À CAFÉ CAPSULES L'OR BARISTA ROUGE - PHILIPS","23,500 دج","+ أضف إلى السلة","https://sawaqli.fra1.cdn.digitaloceanspaces.com/12557/machine-a-cafe-capsules-l-or-barista-rouge-philips-lm901250.jpg"
"1786124408-32","https://sawa9ly.app/wishlist","طقم 4 كتب لتعليم الأطفال , كتابة الحروف , الأرقام , العمليات الحسابية , الرسم MAGIC BOOK","1,200 دج","+ أضف إلى السلة","https://sawaqli.fra1.cdn.digitaloceanspaces.com/12738/book---4-Pcs-Reusable-Copy-Book-Writing-Groove-Arabic-Alphabet-Wordpad-For-Kids-Word-Children's-Book-Calligraphic-Practice-Toy-(4-Arabic-Books)-0.jpg"
"1786124408-33","https://sawa9ly.app/wishlist","Panier de pique-nique a isolation thermique pliable portable avec couvercle et poignée en aluminium","2,000 دج","+ أضف إلى السلة","https://sawaqli.fra1.cdn.digitaloceanspaces.com/13116/Panier-picnic-1-600x600.jpg"
"1786124408-34","https://sawa9ly.app/wishlist","Scie à Arc Scie Manuelle Réglable Professionnelle Pvc Bois Fer 3 Fonctions De Réglage","1,250 دج","+ أضف إلى السلة","https://sawaqli.fra1.cdn.digitaloceanspaces.com/13445/S875fe9c383aa4a37a605ff507a187ab8z.png"
"1786124408-35","https://sawa9ly.app/wishlist","Bouilloire électrique pliable en silicone ,portable Avec  indicateur de mise hors tension غلاية كهربائية قابلة للطي محمولة سيليكون","2,200 دج","+ أضف إلى السلة","https://sawaqli.fra1.cdn.digitaloceanspaces.com/31130/bouloire54d87s-1.jpg"
"1786124408-36","https://sawa9ly.app/wishlist","Eminem Ensemble de cuisine 5 Pcs en verre pour épices et huiles","1,800 دج","+ أضف إلى السلة","https://sawaqli.fra1.cdn.digitaloceanspaces.com/13945/Eminem-5-Parca-Mutfak-Seti-1003383dsfsdf.jpg"
"1786124408-37","https://sawa9ly.app/wishlist","Tire-lait Électrique Intégré Mains Libres pour Allaitement, 4 Modes et 12 Réglables, Faible Bruit MY-374","5,900 دج","+ أضف إلى السلة","https://sawaqli.fra1.cdn.digitaloceanspaces.com/14180/MY-374-8745.jpg"
"1786124408-38","https://sawa9ly.app/wishlist","Humidificateur créatif en forme de nuage de pluie 7 couleurs  280ml","3,400 دج","+ أضف إلى السلة","https://sawaqli.fra1.cdn.digitaloceanspaces.com/14672/Humidificateur-de-bureau-lampe-daromatherapie.jpg"
"1786124408-39","https://sawa9ly.app/wishlist","Redresseur d'orteils, correcteur d'attelle, enveloppe d'orteils courbés et tordus pour aligner","900 دج","+ أضف إلى السلة","https://sawaqli.fra1.cdn.digitaloceanspaces.com/15723/Finger-protector.jpg"
"1786124408-40","https://sawa9ly.app/wishlist","Barre de pilates portable avec bande de résistance réglable","1,800 دج","+ أضف إلى السلة","https://sawaqli.fra1.cdn.digitaloceanspaces.com/15727/sac-dos-sdfsdfchat.jpg"
"1786124408-41","https://sawa9ly.app/wishlist","Pack Découpe 2en1 Moulin à Fromage + Hachoir à Herbe","1,200 دج","+ أضف إلى السلة","https://sawaqli.fra1.cdn.digitaloceanspaces.com/33713/moulin-fromage.jpg"
"1786124408-42","https://sawa9ly.app/wishlist","Mini Hachoir électrique Portable Rechargeable multifonction 350 ML","1,450 دج","+ أضف إلى السلة","https://sawaqli.fra1.cdn.digitaloceanspaces.com/16075/61kfqlpnzL._AC_SL1500_-600x600.jpg"
"1786124408-43","https://sawa9ly.app/wishlist","Pot Coupe-Légumes 9in1 Multifonction Avec Panier De Vidange + Éplucheur V2","1,800 دج","+ أضف إلى السلة","https://sawaqli.fra1.cdn.digitaloceanspaces.com/16090/Trancheuse-l-gumes-multifonctionnelle-7-en-1-avec-panier-de-vidange-r-pe-fruits-et-l.png"
"1786124408-44","https://sawa9ly.app/wishlist","Balance de cuisine haute précision numérique avec bol en acier inoxydable, 5 kg / 1 g avec écran LCD","3,500 دج","+ أضف إلى السلة","https://sawaqli.fra1.cdn.digitaloceanspaces.com/22489/main-scale-3.jpg"
"1786124408-45","https://sawa9ly.app/wishlist","Paquet de 100 Pcs Gants de Protection en Polynitrile – Pro Glove","1,600 دج","+ أضف إلى السلة","https://sawaqli.fra1.cdn.digitaloceanspaces.com/16701/PRO-gloves214.jpg"
"1786124408-46","https://sawa9ly.app/wishlist","Attelle De Doigt ,Index en Aluminium Réglable Moyen Doigt Récupération Protection Contre Les Blessures","850 دج","+ أضف إلى السلة","https://sawaqli.fra1.cdn.digitaloceanspaces.com/16828/Main-4.jpg"
"1786124408-47","https://sawa9ly.app/wishlist","Aiguisoir de couteaux a 3 étapes en acier diamant enduit de céramique , outils d’affûtage de cuisine","1,000 دج","+ أضف إلى السلة","https://sawaqli.fra1.cdn.digitaloceanspaces.com/17915/Sc6dd2b96bf904600abf71d2890d2796fy.jpg_640x640Q90.jpg_.png"
"1786124408-48","https://sawa9ly.app/wishlist","Serrure De Sécurité Du Réfrigérateur _ قفل باب للثلاجة متعدد الاستخدامات للحفاظ على سلامة الأطفال","950 دج","+ أضف إلى السلة","https://sawaqli.fra1.cdn.digitaloceanspaces.com/18213/Sequence_01_1_480x480_7a66e037-5b67-4f95-8169-52647ebb888c_480x480.webp"
"1786124408-49","https://sawa9ly.app/wishlist","Écouteurs sans fil bluetooth, écouteur mains libres, couleur blanc DUNTH DU-F3","1,700 دج","+ أضف إلى السلة","https://sawaqli.fra1.cdn.digitaloceanspaces.com/18284/f3-dunth.jpg"
"1786124408-50","https://sawa9ly.app/wishlist","Sit-Up Bar Équipement de fitness à domicile ventouse, aide à s'asseoir, Muscles abdominaux, entraînement du corps","1,650 دج","+ أضف إلى السلة","https://sawaqli.fra1.cdn.digitaloceanspaces.com/18335/S776d2f2e53254f0396bf3d7fcd51c08eA.png"
"1786124408-51","https://sawa9ly.app/wishlist","Renforcement de la poignée avec résistance réglable de 5-160kg V2","1,750 دج","+ أضف إلى السلة","https://sawaqli.fra1.cdn.digitaloceanspaces.com/29972/Renforcement-Poignet-cnc.jpg"
"1786124408-52","https://sawa9ly.app/wishlist","Distributeur et organisateur de nourriture sèche mural  - صندوق تخزين مثبت على الحائط وموزع طعام","1,800 دج","+ أضف إلى السلة","https://sawaqli.fra1.cdn.digitaloceanspaces.com/18696/organisateur54sd87.jpg"
"1786124408-53","https://sawa9ly.app/wishlist","Lampe D’éclairage LED Xbox Icons Avec 3 Modes D’éclairage – Éclairage Couleur Interactif Avec Musique","4,500 دج","+ أضف إلى السلة","https://sawaqli.fra1.cdn.digitaloceanspaces.com/19395/xbox54sd5fs.jpg"
"1786124408-54","https://sawa9ly.app/wishlist","Lumière d'icône de jeu pour XBOX  7 Couleur montage mural","5,200 دج","+ أضف إلى السلة","https://sawaqli.fra1.cdn.digitaloceanspaces.com/19431/S10d1d92433c5408d98e29f9103e78da4e.jpg_640x640Q90.jpg_.png"
"1786124408-55","https://sawa9ly.app/wishlist","Chaise de Plage Réglable en 3 Positions Avec Poche Arrière","4,500 دج","+ أضف إلى السلة","https://sawaqli.fra1.cdn.digitaloceanspaces.com/22326/Chaise-Plage-Mini-1.jpg"
"1786124408-56","https://sawa9ly.app/wishlist","Degital Testeur de multimètre numérique intelligent DT9205A","2,100 دج","+ أضف إلى السلة","https://sawaqli.fra1.cdn.digitaloceanspaces.com/24679/9205A.jpg"
"1786124408-57","https://sawa9ly.app/wishlist","Ensemble de pédicure coupe-ongles 16 pièces avec ciseaux pince à épiler outils de manucure professionnels","1,200 دج","+ أضف إلى السلة","https://sawaqli.fra1.cdn.digitaloceanspaces.com/25961/Kit-19pcs-manicure-cnc.jpg"
"1786124408-58","https://sawa9ly.app/wishlist","Écouteur Bluetooth Écran tactile LCD couleur intelligent ANC Réduction du bruit","2,700 دج","+ أضف إلى السلة","https://sawaqli.fra1.cdn.digitaloceanspaces.com/25985/Airpods-new-gen-cnc.jpg"
"1786124408-59","https://sawa9ly.app/wishlist","Tapis de souris de jeu RGB Transformez votre expérience de jeu","1,800 دج","+ أضف إلى السلة","https://sawaqli.fra1.cdn.digitaloceanspaces.com/26789/FGD-02-cnc.jpg"
"1786124408-60","https://sawa9ly.app/wishlist","Tapis éducatif géant avec des lettres arabes pour enfants","3,000 دج","+ أضف إلى السلة","https://sawaqli.fra1.cdn.digitaloceanspaces.com/27932/Tapis-enfants-alphabet-cnc.jpg"
"1786124408-61","https://sawa9ly.app/wishlist","Pendule Newton Balls d'équilibre en acier classique v2","1,200 دج","+ أضف إلى السلة","https://sawa9ly.app/storage/62657/balanceBb.jpg"
"1786124408-62","https://sawa9ly.app/wishlist","Sac à main Grande capacité avec un portefeuille pour femme","950 دج","+ أضف إلى السلة","https://sawaqli.fra1.cdn.digitaloceanspaces.com/31448/qs5dsdsqsdqs47qfsqsqse-1.jpg"
"1786124408-63","https://sawa9ly.app/wishlist","Tapis de drainage pour évier de cuisine et salle de bain","900 دج","+ أضف إلى السلة","https://sawaqli.fra1.cdn.digitaloceanspaces.com/31683/Tapis-salle-de-bain-cnc.jpg"
"1786124408-64","https://sawa9ly.app/wishlist","Ensemble 3Pcs Couvre-lit imperméable 2 Places Avec 2 Couvre Oreillers épais","2,300 دج","+ أضف إلى السلة","https://sawaqli.fra1.cdn.digitaloceanspaces.com/31827/Drap-Housse-Protection-cnc-(1).jpg"
"1786124408-65","https://sawa9ly.app/wishlist","Kit Sportif 3en1 Corde à Sauter , Poignet et Appareil pour Abdos","2,500 دج","+ أضف إلى السلة","https://sawaqli.fra1.cdn.digitaloceanspaces.com/33447/Spring-Rower-cnc-1.jpg"
"1786124408-66","https://sawa9ly.app/wishlist","Figurine Géante Naruto 30 cm en PVC Le Héros de Konoha à Collectionner","3,000 دج","+ أضف إلى السلة","https://sawaqli.fra1.cdn.digitaloceanspaces.com/34017/naruto-1.jpg"
"1786124408-67","https://sawa9ly.app/wishlist","Figurine Géante Spider-Man 30 cm en PVC Le Super-Héros Mythique à Collectionner","3,000 دج","+ أضف إلى السلة","https://sawaqli.fra1.cdn.digitaloceanspaces.com/34024/Spiderman-cnc-1.jpg"
"1786124408-68","https://sawa9ly.app/wishlist","Tire lait électrique confortable avancé FloraFlow NYK01","5,200 دج","+ أضف إلى السلة","https://sawaqli.fra1.cdn.digitaloceanspaces.com/34246/Tirelait-NYK01-CNC-1.jpg"
"1786124408-69","https://sawa9ly.app/wishlist","Tire-Lait Électrique Portable 4 Modes D’utilisation MY-373","6,200 دج","+ أضف إلى السلة","https://sawaqli.fra1.cdn.digitaloceanspaces.com/34271/MY-373-CNC.jpg"
"1786124408-70","https://sawa9ly.app/wishlist","Aspirateur Souffleur pour Extérieur et Intérieur 600W","3,700 دج","+ أضف إلى السلة","https://sawaqli.fra1.cdn.digitaloceanspaces.com/34349/Souffleur-Lamboss-cnc.jpg"
"1786124408-71","https://sawa9ly.app/wishlist","Lampe de Poche LED Portable et Réflecteur 20W","1,650 دج","+ أضف إلى السلة","https://sawaqli.fra1.cdn.digitaloceanspaces.com/34372/Headlamp-5306-cnc.jpg"
"1786124408-72","https://sawa9ly.app/wishlist","Balle de Boxe Reflex pour améliorer la coordination œil-main 3Pcs","2,200 دج","+ أضف إلى السلة","https://sawaqli.fra1.cdn.digitaloceanspaces.com/34415/Box-Ball-cnc.jpg"
"1786124408-73","https://sawa9ly.app/wishlist","Pack de Valise 6Pcs de Haute Qualité Motif LV","27,000 دج","+ أضف إلى السلة","https://sawaqli.fra1.cdn.digitaloceanspaces.com/34458/Pack-Valise-6pcs.jpg"
"1786124408-74","https://sawa9ly.app/wishlist","Ventilateur de Parfum de Sortie de Ventilation","1,300 دج","+ أضف إلى السلة","https://sawaqli.fra1.cdn.digitaloceanspaces.com/35083/Diffiseur-ARM-CNC.jpg"
"1786124408-75","https://sawa9ly.app/wishlist","Caméra de recul HD Avec cadre de plaque d’immatriculation Standard et Radar de Recule","3,800 دج","+ أضف إلى السلة","https://sawaqli.fra1.cdn.digitaloceanspaces.com/35126/Camera-Radare-cnc.jpg"
"1786124408-76","https://sawa9ly.app/wishlist","Tablette a déssin intéractive et calculatrice éducative pour enfants","1,600 دج","+ أضف إلى السلة","https://sawaqli.fra1.cdn.digitaloceanspaces.com/35443/Disgne-1046.jpg"
"1786124408-77","https://sawa9ly.app/wishlist","Lumière Ambiante RGB Pour l’Intérieur de Voiture avec Télécommande + APP Contrôle","9,500 دج","+ أضف إلى السلة","https://sawaqli.fra1.cdn.digitaloceanspaces.com/35662/LED-Running-cnc.jpg"
"1786124408-78","https://sawa9ly.app/wishlist","Pochette 007 pour ranger les affaires sous la veste","1,800 دج","+ أضف إلى السلة","https://sawaqli.fra1.cdn.digitaloceanspaces.com/35793/007-Pouch-cnc.jpg"
"1786124408-79","https://sawa9ly.app/wishlist","Détecteur de faux billets avec lumière UV bleue et blanche","3,200 دج","+ أضف إلى السلة","https://sawaqli.fra1.cdn.digitaloceanspaces.com/35947/Detecteur-FB-CNC2.jpg"
"1786124408-80","https://sawa9ly.app/wishlist","Sac à déjeuner isotherme de grande capacité avec bandoulière","1,700 دج","+ أضف إلى السلة","https://sawaqli.fra1.cdn.digitaloceanspaces.com/36079/Comida-Bag-cnc.jpg"
"1786124408-81","https://sawa9ly.app/wishlist","Blander Jus Portable et Pliable en Silicone avec 6 Lames 500ml","2,450 دج","+ أضف إلى السلة","https://sawaqli.fra1.cdn.digitaloceanspaces.com/36096/Portable-JC-cnc.jpg"
"1786124408-82","https://sawa9ly.app/wishlist","Compresseur d’Air Double Cylindre SHREESAMP avec Kit de réparation 12V -150PSI – مضخة هواء مزدوجة الأسطوانة مع أدوات التصليح","6,600 دج","+ أضف إلى السلة","https://sawaqli.fra1.cdn.digitaloceanspaces.com/36371/CompressorAir-CNC.jpg"
"1786124408-83","https://sawa9ly.app/wishlist","Gril Électrique Antiadhésif d’Intérieur – شواية كهربائية مضادة للالتصاق للاستخدام الداخلي","2,900 دج","+ أضف إلى السلة","https://sawaqli.fra1.cdn.digitaloceanspaces.com/36432/AXTMR-1-2.jpg"
"1786124408-84","https://sawa9ly.app/wishlist","Pompe à Huile Electrique DC12V 45L-50L – مضخة الزيت الكهربائية DC12V 45L-50L","1,700 دج","+ أضف إلى السلة","https://sawaqli.fra1.cdn.digitaloceanspaces.com/36538/oilpump-CNC.jpg"
"1786124408-85","https://sawa9ly.app/wishlist","Adaptateur de Cloueur Automatique à Chaîne pour Visseuse – محول مسدس مسامير أوتوماتيكي بسلسلة لمفك البراغي","2,750 دج","+ أضف إلى السلة","https://sawaqli.fra1.cdn.digitaloceanspaces.com/36545/Auto-Screw-CNC.jpg"
"1786124408-86","https://sawa9ly.app/wishlist","Gril Électrique Antiadhésif d’Intérieur 26cm – شواية كهربائية مضادة للالتصاق للاستخدام الداخلي","2,800 دج","+ أضف إلى السلة","https://sawaqli.fra1.cdn.digitaloceanspaces.com/36567/AXTMR-cnc-1.jpg"
"1786124408-87","https://sawa9ly.app/wishlist","Cahier de Pratique (Ensemble de 4 Livres + 10 Recharges) – كراس التدريب مجموعة من 4 كتب + 10 عبوات حبر ANGLAIS","1,200 دج","+ أضف إلى السلة","https://sawaqli.fra1.cdn.digitaloceanspaces.com/36850/4book-1.jpg"
"1786124408-88","https://sawa9ly.app/wishlist","Panier à Fruits en Métal à 2 Niveaux KG – سلة فواكه معدنية بطبقتين","3,150 دج","+ أضف إلى السلة","https://sawaqli.fra1.cdn.digitaloceanspaces.com/36877/Kangda-3.jpg"
"1786124408-89","https://sawa9ly.app/wishlist","Boîte à Lunch Électrique Portable avec 2 Récipients Amovibles en Acier Inoxydable – علبة تسخين طعام","3,750 دج","+ أضف إلى السلة","https://sawaqli.fra1.cdn.digitaloceanspaces.com/37184/Cooking-Box-CNC.jpg"
"1786124408-90","https://sawa9ly.app/wishlist","Lampe de Poche Téléscopique 50 LED – مصباح يدوي","1,950 دج","+ أضف إلى السلة","https://sawaqli.fra1.cdn.digitaloceanspaces.com/37290/b09086f0-187d-4401-aae4-92dd6b7e1e46.jpeg"
"1786124408-91","https://sawa9ly.app/wishlist","Miroir de Pare-Soleil de Voiture à 3 Températures de Couleur – مرآة تجميل في السيارة","2,450 دج","+ أضف إلى السلة","https://sawaqli.fra1.cdn.digitaloceanspaces.com/37523/LED-Mir-Voiture-cnc-1.jpg"
"1786124408-92","https://sawa9ly.app/wishlist","Panier à Fruits en Métal à 3 Niveaux – سلة فواكه معدنية بثلاث طبقات","3,900 دج","+ أضف إلى السلة","https://sawaqli.fra1.cdn.digitaloceanspaces.com/38635/OASISWJ-CNC-(1).jpg"
"1786124408-93","https://sawa9ly.app/wishlist","Tournevis à Cliquet Multifonction Haute Résistance 41en1– مفك براغي متعدد الوظائف عالي القوة","2,600 دج","+ أضف إلى السلة","https://sawaqli.fra1.cdn.digitaloceanspaces.com/39050/JDF2023611-CNC.jpg"
"1786124408-94","https://sawa9ly.app/wishlist","Tournevis Avec Ensemble Professionnel de Magnétiques 41 Pièces –  مفك براغي احترافي مع 41 قطعة مغناطيسية","2,000 دج","+ أضف إلى السلة","https://sawaqli.fra1.cdn.digitaloceanspaces.com/39056/JDF20236112-cnc.jpg"
"1786124408-95","https://sawa9ly.app/wishlist","Jouet Électrique de Simulation de Cage à Oiseaux avec Contrôle Sonore – لعبة قفص الطيور المكررة للكلام","1,600 دج","+ أضف إلى السلة","https://sawaqli.fra1.cdn.digitaloceanspaces.com/39188/JX2302454.jpg"
"1786124408-96","https://sawa9ly.app/wishlist","Joint d'étanchéité sous la porte 80cm  HIGH QUALITY– مانع تسرب أسفل الباب","600 دج","+ أضف إلى السلة","https://sawaqli.fra1.cdn.digitaloceanspaces.com/51498/joint.jpg"
"1786124408-97","https://sawa9ly.app/wishlist","Horloge Numérique 3D LED pour Mur et bureau GH8018 – ساعة رقمية ثلاثية الأبعاد حائط و مكتب","1,700 دج","+ أضف إلى السلة","https://sawaqli.fra1.cdn.digitaloceanspaces.com/39749/GH8018-(3).jpg"
"1786124408-98","https://sawa9ly.app/wishlist","Scelleuse Sous Vide Automatique – آلة تفريغ الهواء وحفظ الطعام","1,400 دج","+ أضف إلى السلة","https://sawaqli.fra1.cdn.digitaloceanspaces.com/39908/VaccumSeal-(9).jpg"
"1786124408-99","https://sawa9ly.app/wishlist","Aspirateur Robot Intelligent pour la Maison – مكنسة روبوت ذكية للمنزل","2,950 دج","+ أضف إلى السلة","https://sawaqli.fra1.cdn.digitaloceanspaces.com/40488/80883CLEARNBOBOT-CNC.jpg"
"1786124408-100","https://sawa9ly.app/wishlist","Boîte à Lunch Isotherme Micro-ondable – حافظة طعام حرارية قابلة للاستخدام في الميكروويف","3,450 دج","+ أضف إلى السلة","https://sawaqli.fra1.cdn.digitaloceanspaces.com/40701/LunchBox3t.jpg"
"1786124408-101","https://sawa9ly.app/wishlist","Moulin à Herbes Microplane en Acier Inoxydable 3en1 – مطحنة أعشاب","1,100 دج","+ أضف إلى السلة","https://sawaqli.fra1.cdn.digitaloceanspaces.com/41010/StainlessSteel-(9).jpg"
"1786124408-102","https://sawa9ly.app/wishlist","Accessoire Pédale Antidérapante – دواسات قدم السيارات مانع للانزلاق","1,500 دج","+ أضف إلى السلة","https://sawaqli.fra1.cdn.digitaloceanspaces.com/41018/pedalblue.jpg"
"1786124408-103","https://sawa9ly.app/wishlist","Étagère de Rangement à 3 Niveaux 59x19x35cm – وحدة رفوف تخزين بثلاث طبقات","3,050 دج","+ أضف إلى السلة","https://sawaqli.fra1.cdn.digitaloceanspaces.com/41330/3tierstoragerack-(7).jpg"
"1786124408-104","https://sawa9ly.app/wishlist","Étagère Murale Porte-Épices – رف توابل جداري","4,800 دج","+ أضف إلى السلة","https://sawaqli.fra1.cdn.digitaloceanspaces.com/41789/spicestorage-CNC.jpg"
"1786124408-105","https://sawa9ly.app/wishlist","Étagère d'Angle de Rangement Multifonctionnelle 3 Tier – رف زاوية للتخزين متعدد الوظائف","1,900 دج","+ أضف إلى السلة","https://sawaqli.fra1.cdn.digitaloceanspaces.com/42129/CornerRack--CNC.jpg"
"1786124408-106","https://sawa9ly.app/wishlist","Porte-Bougie Ramadan Oriental - حامل شموع رمضان","900 دج","+ أضف إلى السلة","https://sawaqli.fra1.cdn.digitaloceanspaces.com/42436/mooncandlehholder-CNC.jpg"
"1786124408-107","https://sawa9ly.app/wishlist","Kit de Pédales Antidérapantes Universelles pour Voiture -  دواسات السيارة غير القابلة للانزلاق","1,700 دج","+ أضف إلى السلة","https://sawaqli.fra1.cdn.digitaloceanspaces.com/42566/nonslippedalmanual-CNC.jpg"
"1786124408-108","https://sawa9ly.app/wishlist","Kit de Couvre-Pédales Antidérapants pour Voiture – مجموعة أغطية دواسات السيارة غير القابلة للانزلاق","1,700 دج","+ أضف إلى السلة","https://sawaqli.fra1.cdn.digitaloceanspaces.com/42580/Pedalauto-CNC.jpg"
"1786124408-109","https://sawa9ly.app/wishlist","Projecteur Solaire Étanche IP65 pour Jardin et Terrasse - ضوء جداري خارجي يعمل بالطاقة الشمسية مقاوم للماء","1,950 دج","+ أضف إلى السلة","https://sawaqli.fra1.cdn.digitaloceanspaces.com/42714/BK84-CNC.jpg"
"1786124408-110","https://sawa9ly.app/wishlist","Brosse de lavage de voiture en Microfibre avec poignées extensibles – ممسحة سيارات","2,950 دج","+ أضف إلى السلة","https://sawaqli.fra1.cdn.digitaloceanspaces.com/43742/balai-voiture-cnc.jpg"
"1786124408-111","https://sawa9ly.app/wishlist","Olesson Convertisseur de courant pour voiture 150W – جهاز شحن في السيارة","2,400 دج","+ أضف إلى السلة","https://sawaqli.fra1.cdn.digitaloceanspaces.com/44192/Olesson-1667-cnc.jpg"
"1786124408-112","https://sawa9ly.app/wishlist","Cordes élastiques de musculation Ensemble de bandes pour sport 11Pcs (5Kg-45Kg) – طقم التدريب المنزلي","2,300 دج","+ أضف إلى السلة","https://sawaqli.fra1.cdn.digitaloceanspaces.com/44314/elastic-11pcs-1.jpg"
"1786124408-113","https://sawa9ly.app/wishlist","Tirelire Défi 6 Millions – حصالة أموال","1,000 دج","+ أضف إلى السلة","https://sawaqli.fra1.cdn.digitaloceanspaces.com/44384/hasala-6m-1.jpg"
"1786124408-114","https://sawa9ly.app/wishlist","Kit de caméra de recule avec double capteur de de stationnement – كاميرة خلفية مع رادارات خلفية","3,650 دج","+ أضف إلى السلة","https://sawaqli.fra1.cdn.digitaloceanspaces.com/44655/CamLens-double-cnc.jpg"
"1786124408-115","https://sawa9ly.app/wishlist","Kit de caméra de recule avec capteur de de stationnement – كاميرة خلفية مع رادار خلفي","3,800 دج","+ أضف إلى السلة","https://sawaqli.fra1.cdn.digitaloceanspaces.com/44662/CamLens-cnc.jpg"
"1786124408-116","https://sawa9ly.app/wishlist","PXN V3 Pro Volant de Course à 180° avec Pédales et Retour de Vibration","29,000 دج","+ أضف إلى السلة","https://sawaqli.fra1.cdn.digitaloceanspaces.com/45143/PXN-V30-CNC.jpg"
"1786124408-117","https://sawa9ly.app/wishlist","R36S Console de Jeu Portable Rétro Système Linux Open Source – جهاز ألعاب محمول","13,500 دج","+ أضف إلى السلة","https://sawaqli.fra1.cdn.digitaloceanspaces.com/45374/R36S-CNC.jpg"
"1786124408-118","https://sawa9ly.app/wishlist","Lampe Torche Multifonctionnel LED Puissante Rechargeable par USB Avec PowerBank – طورش عالي السطوع","2,800 دج","+ أضف إلى السلة","https://sawaqli.fra1.cdn.digitaloceanspaces.com/45439/HS-24020-CNC.jpg"
"1786124408-119","https://sawa9ly.app/wishlist","Moustiquaire Pliable Facile à Installer Pour Lit 2 Place – ناموسية لسرير شخصين","4,400 دج","+ أضف إلى السلة","https://sawaqli.fra1.cdn.digitaloceanspaces.com/45455/Fil-Mosquito-2P-CNC.jpg"
"1786124408-120","https://sawa9ly.app/wishlist","Moustiquaire Pliable Facile à Installer Pour Lit 1 Place – ناموسية لسرير شخص واحد","3,900 دج","+ أضف إلى السلة","https://sawaqli.fra1.cdn.digitaloceanspaces.com/45456/Fil-Mosquito-1P-cnc.jpg"
"1786124408-121","https://sawa9ly.app/wishlist","Brosse À Dents Électrique Sonique avec 4 Têtes et 5 Modes – فرشاة أسنان","2,850 دج","+ أضف إلى السلة","https://sawaqli.fra1.cdn.digitaloceanspaces.com/45653/M2000-Sonic-cnc.jpg"
"1786124408-122","https://sawa9ly.app/wishlist","Étagère de douche d’angle à 4 niveaux réglable 260cm – رف حمام قابل للتعديل","3,350 دج","+ أضف إلى السلة","https://sawaqli.fra1.cdn.digitaloceanspaces.com/46068/ET-Coin-cnc260.jpg"
"1786124408-123","https://sawa9ly.app/wishlist","Étagère De Chaussures et Porte-manteau 4 Étages crochets – رف أحذية ومعاطف مع خطافات من 4 طبقات","3,450 دج","+ أضف إلى السلة","https://sawaqli.fra1.cdn.digitaloceanspaces.com/46083/chaussporte.jpg"
"1786124408-124","https://sawa9ly.app/wishlist","Mini Tapette à mouches USB avec Lumière LED Violette – مصيدة الناموس","850 دج","+ أضف إلى السلة","https://sawaqli.fra1.cdn.digitaloceanspaces.com/46563/Mosquito-USB-NW-cnc.jpg"
"1786124408-125","https://sawa9ly.app/wishlist","Lampe Frontale de Plongée Étanche et Rechargeable – مصباح غطس","1,950 دج","+ أضف إلى السلة","https://sawaqli.fra1.cdn.digitaloceanspaces.com/46576/SQ901-CNC.jpg"
"1786124408-126","https://sawa9ly.app/wishlist","Lunch Box 4 étage avec Sac Isotherme Isolant – حافظة طعام حرارية 4 طبقات قابلة للاستخدام في الميكروويف","2,700 دج","+ أضف إلى السلة","https://sawaqli.fra1.cdn.digitaloceanspaces.com/47417/LunchB4T-cnc.jpg"
"1786124408-127","https://sawa9ly.app/wishlist","Amplificateur de signal SMA Pour Modem 4G LTE – مقوي سرعة الأنترنت","2,500 دج","+ أضف إلى السلة","https://sawaqli.fra1.cdn.digitaloceanspaces.com/47434/4G-Anten.jpg"
"1786124408-128","https://sawa9ly.app/wishlist","Horloge Murale Électronique avec Température GH8015 – ساعة إلكترونية مع عرض درجة الحرارة","1,950 دج","+ أضف إلى السلة","https://sawaqli.fra1.cdn.digitaloceanspaces.com/47593/GH8015-CNC.jpg"
"1786124408-129","https://sawa9ly.app/wishlist","Lampe Frontale 3 Modes Rechargeable – مصباح تخييم عالي السطوع","1,200 دج","+ أضف إلى السلة","https://sawaqli.fra1.cdn.digitaloceanspaces.com/47655/Headlamp-High-cnc.jpg"
"1786124408-130","https://sawa9ly.app/wishlist","Torche LED et Power Bank avec Guirlande RGB 10m – مصباح طورش عالي السطوع","3,600 دج","+ أضف إلى السلة","https://sawaqli.fra1.cdn.digitaloceanspaces.com/47740/W5187-1-CNC.jpg"
"1786124408-131","https://sawa9ly.app/wishlist","Mini Lampe LED Portable Rechargeable 8en1 – مصباح متعدد الإستعمالات","1,600 دج","+ أضف إلى السلة","https://sawaqli.fra1.cdn.digitaloceanspaces.com/47754/W5147-CNC.jpg"
"1786124408-132","https://sawa9ly.app/wishlist","Aspirateur sans Fil Portable avec 4 Têtes Accessoires 9000Pa – مكنسة كهربائية محمولة","6,100 دج","+ أضف إلى السلة","https://sawaqli.fra1.cdn.digitaloceanspaces.com/47935/LT127-CNC.jpg"
"1786124408-133","https://sawa9ly.app/wishlist","Chargeur de batterie pour piles AAA/AAA 1.2 V – شاحن بطاريات","1,050 دج","+ أضف إلى السلة","https://sawaqli.fra1.cdn.digitaloceanspaces.com/48002/HD4880A-2.jpg"
"1786124408-134","https://sawa9ly.app/wishlist","Lampadaires 200LED à énergie solaire étanche IP65 JX200 – مصباح خارجي يعمل بالطاقة الشمسية","3,050 دج","+ أضف إلى السلة","https://sawaqli.fra1.cdn.digitaloceanspaces.com/48057/JX200-cnc.jpg"
"1786124408-135","https://sawa9ly.app/wishlist","Jeu de Roulette à Choc Électrique Multi-joueurs – جهاز كشف الكذب الكهربائي","2,000 دج","+ أضف إلى السلة","https://sawaqli.fra1.cdn.digitaloceanspaces.com/49143/roulette-electrique-8.jpg"
"1786124408-136","https://sawa9ly.app/wishlist","Balle de Rééducation et de Renforcement pour la Main 2 en 1 – كرة تمرين المعصم","1,850 دج","+ أضف إلى السلة","https://sawaqli.fra1.cdn.digitaloceanspaces.com/50277/Boule-education-cnc.jpg"
"1786124408-137","https://sawa9ly.app/wishlist","Souffleur à Jet Turbo Portable avec Batterie Lithium 24V- نافخ هواء جد قوي","6,100 دج","+ أضف إلى السلة","https://sawaqli.fra1.cdn.digitaloceanspaces.com/50729/Han-Dao-cnc.jpg"
"1786124408-138","https://sawa9ly.app/wishlist","Aspirateur et souffleur 2en1 rechargeable par USB Compact et puissant – مكنسة كهربائية يدوية","1,900 دج","+ أضف إلى السلة","https://sawaqli.fra1.cdn.digitaloceanspaces.com/51000/YT-M2042-CNC.jpg"
"1786124408-139","https://sawa9ly.app/wishlist","Tummy Trimmer Ceinture D’entrainement pour le Corps Entier – أداة التمارين الرياضية","2,000 دج","+ أضف إلى السلة","https://sawaqli.fra1.cdn.digitaloceanspaces.com/51363/Body-Trimmer-cnc-1.jpg"
"1786124408-140","https://sawa9ly.app/wishlist","Pack 3 Spot LED intelligents avec télécommande ultra-lumineux – طقم مصابيح مع يد تحكم","1,400 دج","+ أضف إلى السلة","https://sawaqli.fra1.cdn.digitaloceanspaces.com/51561/3-led-cuisine-cnc.jpg"
"1786124408-141","https://sawa9ly.app/wishlist","Aspirateur de voiture portable sans fil Puissance d’aspiration élevée 120W – مكنسة كهربائية لاسلكية","3,500 دج","+ أضف إلى السلة","https://sawaqli.fra1.cdn.digitaloceanspaces.com/51939/asPi-v5-cnc.jpg"
"1786124408-142","https://sawa9ly.app/wishlist","Lampe Solaire Rechargeable LED 300 W Portable et Magnétique 26000LM – مصباح محمول قابل للشحن بالطاقة الشمسية","3,000 دج","+ أضف إلى السلة","https://sawaqli.fra1.cdn.digitaloceanspaces.com/52397/BYZ300W-cnc.jpg"
"1786124408-143","https://sawa9ly.app/wishlist","Posco Telecommande Contrôleur d’Eclairage Sans Fil à 3 Canaux – يد تحكم للأضاء المنزلية","2,750 دج","+ أضف إلى السلة","https://sawaqli.fra1.cdn.digitaloceanspaces.com/52410/Kit-Pesco-cnc.jpg"
"1786124408-144","https://sawa9ly.app/wishlist","Kit de 3 lampes Led Hexagone sans fil avec télécommande","2,000 دج","+ أضف إلى السلة","https://sawaqli.fra1.cdn.digitaloceanspaces.com/52447/DHD1.jpg"
"1786124408-145","https://sawa9ly.app/wishlist","Lampe LED Rechargeable avec Détecteur De Mouvement Intérieur 3 Modes HY-2012 – مصباح مناطق ضيقة بعدة أوضاع","1,950 دج","+ أضف إلى السلة","https://sawaqli.fra1.cdn.digitaloceanspaces.com/53182/HY2012-CNC.jpg"
"1786124408-146","https://sawa9ly.app/wishlist","Mini Souffleur et Aspirateur Électrique Multifonctions Ultra Puissant F015 – جهاز شفط ونسف الهواء بقوة ضغط عالية","4,850 دج","+ أضف إلى السلة","https://sawaqli.fra1.cdn.digitaloceanspaces.com/53189/F015-CNC.jpg"
"1786124408-147","https://sawa9ly.app/wishlist","Leggings Sauna d’entraînement Taille Haute pour Femmes – شورت تعرق للنساء","1,400 دج","+ أضف إلى السلة","https://sawaqli.fra1.cdn.digitaloceanspaces.com/53280/Sweats-Pioneer-cnc.jpg"
"1786124408-148","https://sawa9ly.app/wishlist","Station de charge sans fil Type C Double Chargeur pour Manette PS5 – شاحن يد التحكم","2,650 دج","+ أضف إلى السلة","https://sawaqli.fra1.cdn.digitaloceanspaces.com/53331/P5-Station-CNC.jpg"
"1786124408-149","https://sawa9ly.app/wishlist","Tire Lait Electrique Mains Libres MY-379 3 Modes 9 Niveaux – جهاز إستخراج الحليب","6,400 دج","+ أضف إلى السلة","https://sawaqli.fra1.cdn.digitaloceanspaces.com/53405/MY-379-CNC.jpg"
"1786124408-150","https://sawa9ly.app/wishlist","Plaque de Signalisation LED Multicolore Flexy – لوحة إشهارية ضوئية","2,200 دج","+ أضف إلى السلة","https://sawaqli.fra1.cdn.digitaloceanspaces.com/53440/Flexy-1.jpg"
"1786124408-151","https://sawa9ly.app/wishlist","Bâche Auto Housse de Protection 4 Saisons (Taille 4×4 LC )","6,500 دج","+ أضف إلى السلة","https://sawaqli.fra1.cdn.digitaloceanspaces.com/55711/Houses-Voitures-4x4-1.jpg"
"1786124408-152","https://sawa9ly.app/wishlist","Bâche Auto Housse de Protection 4 Saisons (Grande Taille DOBLO , Kangoo..)","6,500 دج","+ أضف إلى السلة","https://sawaqli.fra1.cdn.digitaloceanspaces.com/55716/Houses-Voitures-doblo.jpg"
"1786124408-153","https://sawa9ly.app/wishlist","Dispositif Anti-Perte Rotatif 2 Mètres avec Serrure de Verrouillage – سوار بقفل أمان لشد الأطفال","1,400 دج","+ أضف إلى السلة","https://sawaqli.fra1.cdn.digitaloceanspaces.com/55789/Braclets-2m-cnc.jpg"
"1786124408-154","https://sawa9ly.app/wishlist","Pistolet de massage à percussion 4 têtes avec avec 9 vitesses et modes – جهاز تدليك العظلات","5,900 دج","+ أضف إلى السلة","https://sawaqli.fra1.cdn.digitaloceanspaces.com/55794/Massage4T-CNC.jpg"
"1786124408-155","https://sawa9ly.app/wishlist","Barre lumineuse LED rechargeable tactile avec 3 modes de couleurs et minuterie PM – مصباح مغناطيسي قابل للتثبيت في عدة أماكن","2,000 دج","+ أضف إلى السلة","https://sawaqli.fra1.cdn.digitaloceanspaces.com/55916/Creative-Life-PM-cnc-1.jpg"
"1786124408-156","https://sawa9ly.app/wishlist","Cable de remorquage 5ton avec fil d’acier de qualité supérieure – كابل جر العربات","1,800 دج","+ أضف إلى السلة","https://sawaqli.fra1.cdn.digitaloceanspaces.com/56298/Metal-Hook-cnc-1.jpg"
"1786124408-157","https://sawa9ly.app/wishlist","Diffuseur d’huiles essentielles ultrasonique 350 ml avec télécommande et lumières – جهاز تعطير الجو","3,900 دج","+ أضف إلى السلة","https://sawaqli.fra1.cdn.digitaloceanspaces.com/56311/Aroma-291-cnc.jpg"
"1786124408-158","https://sawa9ly.app/wishlist","MOMAX Smart Tag Tracker Fonctionne avec l’application Apple Find My – جهاز تعقب ذكي","4,300 دج","+ أضف إلى السلة","https://sawaqli.fra1.cdn.digitaloceanspaces.com/56423/Momax-cnc.jpg"
"1786124408-159","https://sawa9ly.app/wishlist","Lampe méduse RVB rechargeable avec capteur tactile et pieds dansants – مصباح ديكور على شكل قنديل","3,650 دج","+ أضف إلى السلة","https://sawaqli.fra1.cdn.digitaloceanspaces.com/56950/JELLYFISH-V5-CNC2-1.jpg"
"1786124408-160","https://sawa9ly.app/wishlist","Rasoir Anti-peluches Rechargeable pour Vêtements – جهاز مزيل الوبر في الملابس","2,200 دج","+ أضف إلى السلة","https://sawaqli.fra1.cdn.digitaloceanspaces.com/57184/RF-1805-CNC.jpg"
"1786124408-161","https://sawa9ly.app/wishlist","Smart Watch Haino Teko RW-60 MAX avec Lampe Torche et 3 Bracelets – ساعة ذكية أصلية","7,300 دج","+ أضف إلى السلة","https://sawaqli.fra1.cdn.digitaloceanspaces.com/57219/RW60-CNC.jpg"
"1786124408-162","https://sawa9ly.app/wishlist","Télécommande Sans Fil pour Contrôler l’audio et les appels – يد تحكم لاسلكية للتحكم بالصوت والمكالمات","1,700 دج","+ أضف إلى السلة","https://sawaqli.fra1.cdn.digitaloceanspaces.com/57279/DQX-Q7-CNC-1.jpg"
"1786124408-163","https://sawa9ly.app/wishlist","AXIOM GPS Tag Fonctionne avec l’application Google Find My Device – جهاز تعقب ذكي","4,700 دج","+ أضف إلى السلة","https://sawaqli.fra1.cdn.digitaloceanspaces.com/57856/Axiom-cnc.jpg"
"1786124408-164","https://sawa9ly.app/wishlist","100PCS faux ongles carrés transparents professionnels en acrylique – طقم أظافر صناعية","900 دج","+ أضف إلى السلة","https://sawaqli.fra1.cdn.digitaloceanspaces.com/58066/NA8506-CNC.jpg"
"1786124408-165","https://sawa9ly.app/wishlist","Masseur de tissus musculaire électrique à double tête à 6 vitesses – جهاز تدليك متعدد الرؤوس","3,400 دج","+ أضف إلى السلة","https://sawaqli.fra1.cdn.digitaloceanspaces.com/58103/Massage-Double-T-cnc.jpg"
"1786124408-166","https://sawa9ly.app/wishlist","Double Penderie à vêtements portable à roulettes en Acier Inoxydable – علاقة ملابس متنقلة","3,850 دج","+ أضف إلى السلة","https://sawaqli.fra1.cdn.digitaloceanspaces.com/58218/Double-Pole-cnc.jpg"
"1786124408-167","https://sawa9ly.app/wishlist","Panier à linge sur roulettes pour vêtements sales en salle de bain – سلة تجميع الملابس الغسيل","2,500 دج","+ أضف إلى السلة","https://sawaqli.fra1.cdn.digitaloceanspaces.com/58224/Clothes-pm-5.jpg"
"1786124408-168","https://sawa9ly.app/wishlist","Bandes de résistance pour les jambes avec sangle de cheville 5Pcs – طقم أشرطة تدريب قابلة للتمدد","2,000 دج","+ أضف إلى السلة","https://sawaqli.fra1.cdn.digitaloceanspaces.com/58422/Ankle-Cord-cnc-1.jpg"
"1786124408-169","https://sawa9ly.app/wishlist","Lampadaires solaires à LED d’extérieur avec détecteur de mouvements – مصباح خارجي يعمل بالطاقة الشمسية","2,200 دج","+ أضف إلى السلة","https://sawaqli.fra1.cdn.digitaloceanspaces.com/58434/Solar-Lightning-cnc-1.jpg"
"1786124408-170","https://sawa9ly.app/wishlist","Panier à vêtements de grande capacité durable – سلة تجميع ملابس الغسيل","1,850 دج","+ أضف إلى السلة","https://sawaqli.fra1.cdn.digitaloceanspaces.com/58781/Laundry-bag-V3-cnc.jpg"
"1786124408-171","https://sawa9ly.app/wishlist","Ferme-porte automatique sans perforation – أداة غلق الباب أوتوماتكيا","1,000 دج","+ أضف إلى السلة","https://sawaqli.fra1.cdn.digitaloceanspaces.com/58893/Ferme-porte-cnc.jpg"
"1786124408-172","https://sawa9ly.app/wishlist","Veilleuse LED à Levier avec Interrupteur à bascule Rechargeable – مصباح غرف نوم قابل للشحن","2,050 دج","+ أضف إلى السلة","https://sawaqli.fra1.cdn.digitaloceanspaces.com/59121/Lever-Light-cnc.jpg"
"1786124408-173","https://sawa9ly.app/wishlist","Lampe de Chevet en Spirale Design Moderne Lumière RGB – مصباح لاسلكي بأضواء متغيرة","3,850 دج","+ أضف إلى السلة","https://sawaqli.fra1.cdn.digitaloceanspaces.com/59141/Rotating-lamp-cnc.jpg"
"1786124408-174","https://sawa9ly.app/wishlist","Lecteur Vinyle Sans Fil Bluetooth avec Effet Lumineux RVB – مكبر صوت بلوتوث","3,800 دج","+ أضف إلى السلة","https://sawaqli.fra1.cdn.digitaloceanspaces.com/59208/Waves-cnc-1.jpg"
"1786124408-175","https://sawa9ly.app/wishlist","Câble de charge Rapide 3en1 Câble USB de 1.2 m avec 3 connecteurs 100W – كابل شحن سريع","1,000 دج","+ أضف إلى السلة","https://sawaqli.fra1.cdn.digitaloceanspaces.com/59215/100W-3in1-cnc.jpg"
"1786124408-176","https://sawa9ly.app/wishlist","Ciseaux de manucure professionnels pour enlever les ongles – مقص مانيكير احترافي لإزالة الأظافر","600 دج","+ أضف إلى السلة","https://sawaqli.fra1.cdn.digitaloceanspaces.com/59224/Ciseaux-Onglerie-V1-CNC.jpg"
"1786124408-177","https://sawa9ly.app/wishlist","Trancheuse à électrique multifonctionnelle pour légumes et fruits – جهاز تقطيع الخضر والفواكه","3,600 دج","+ أضف إلى السلة","https://sawaqli.fra1.cdn.digitaloceanspaces.com/59483/coupe-legume-v2-cnc.jpg"
"1786124408-178","https://sawa9ly.app/wishlist","Mini imprimante Thermique Bluetooth sans Fil pour Smartphone – طابعة حرارية لاسلكية","3,000 دج","+ أضف إلى السلة","https://sawaqli.fra1.cdn.digitaloceanspaces.com/59688/BT-Printer-cnc.jpg"
"1786124408-179","https://sawa9ly.app/wishlist","Lumière LED Doigts de Signalisation pour Voitures 1PCS","1,800 دج","+ أضف إلى السلة","https://sawaqli.fra1.cdn.digitaloceanspaces.com/59791/LED5050-CNC-(1).jpg"
"1786124408-180","https://sawa9ly.app/wishlist","Lampe de bureau rechargeable sans fil avec réveil LED et power bank 5000 mAh – مصباح مكتب ومصباح مع شاحن متنقل","2,400 دج","+ أضف إلى السلة","https://sawaqli.fra1.cdn.digitaloceanspaces.com/60098/DSK-Lamp-cnc-1.jpg"
"1786124408-181","https://sawa9ly.app/wishlist","Alarme de butée de porte sans fil activée par pression – جهاز إنذار أسفل الباب","1,250 دج","+ أضف إلى السلة","https://sawaqli.fra1.cdn.digitaloceanspaces.com/60139/Door-Alert-cnc.jpg"
"1786124408-182","https://sawa9ly.app/wishlist","Kit d’enregistrement vidéo pour smartphone et appareil photo avec microphone à LED intégré – طقم تصورير إحترافي مع ميكروفون وإضاءة مدمجة","2,950 دج","+ أضف إلى السلة","https://sawaqli.fra1.cdn.digitaloceanspaces.com/60320/PK-771-cnc-1.jpg"
"1786124408-183","https://sawa9ly.app/wishlist","Haut Parleur Bluetooth Portable S301 à LED RGB chargement sans fil 15W – مكبر صوت بلوتوث وشاحن لاسلكي 2في1","4,100 دج","+ أضف إلى السلة","https://sawaqli.fra1.cdn.digitaloceanspaces.com/60436/S301-CNC-1.jpg"
"1786124408-184","https://sawa9ly.app/wishlist","Endoscope WiFi Caméra d’inspection sans Fil 8 mm 6 LED réglables pour Smartphone – كاميرة للمناطق الضيقة","5,300 دج","+ أضف إلى السلة","https://sawaqli.fra1.cdn.digitaloceanspaces.com/60446/Endoscope-Wifi-cnc.jpg"
"1786124408-185","https://sawa9ly.app/wishlist","Lampe LED sous meuble rechargeable et tactile avec 3 modes de couleurs – مصباح مغناطيسي قابل للتثبيت في عدة أماكن","1,450 دج","+ أضف إلى السلة","https://sawaqli.fra1.cdn.digitaloceanspaces.com/60480/H55-CNC.jpg"
"1786124408-186","https://sawa9ly.app/wishlist","Poignet de Renforcement et Testeur de force de préhension Digital – جهاز تدريب مع مقياس لقبضة اليد","3,800 دج","+ أضف إلى السلة","https://sawaqli.fra1.cdn.digitaloceanspaces.com/60628/Grip-90KG-cnc.jpg"
"1786124408-187","https://sawa9ly.app/wishlist","Localisateur d’objets REMAX RT-G2306 Compatible avec Apple Find My – جهاز تحديد المواقع محمول","3,000 دج","+ أضف إلى السلة","https://sawaqli.fra1.cdn.digitaloceanspaces.com/60711/remax-cnc.jpg"
"1786124408-188","https://sawa9ly.app/wishlist","Ensemble Sac de Boxe Speed Bag SET 6Pcs pour l’entrainement à domicile – طقم كرة البوكس قابلة للإرتداد","2,350 دج","+ أضف إلى السلة","https://sawaqli.fra1.cdn.digitaloceanspaces.com/60767/Speed-Bag-Set-cnc.jpg"
"1786124408-189","https://sawa9ly.app/wishlist","Minuteur visuel 60 minutes outil de gestion du temps multifonctions","1,400 دج","+ أضف إلى السلة","https://sawaqli.fra1.cdn.digitaloceanspaces.com/60910/Timer-cnc.jpg"
"1786124408-190","https://sawa9ly.app/wishlist","Horloge murale numérique à LED avec télécommande YX-2808 – ساعة حائط مع إضاءة مدمجة","3,200 دج","+ أضف إلى السلة","https://sawaqli.fra1.cdn.digitaloceanspaces.com/61081/YX-2808-cnc.jpg"
"1786124408-191","https://sawa9ly.app/wishlist","Semelles et coussinets de chaussures talons pour femmes 1 Paire","1,000 دج","+ أضف إلى السلة","https://sawaqli.fra1.cdn.digitaloceanspaces.com/61095/Sponge-4D-cnc.jpg"
"1786124408-192","https://sawa9ly.app/wishlist","Masque moto pour l’hiver coupe-vent en polaire avec protection pour les yeux – قناع مضاد للبرد لسائقي الدراجات النارية","850 دج","+ أضف إلى السلة","https://sawaqli.fra1.cdn.digitaloceanspaces.com/61136/Masque-Moto-V3-CNC.jpg"
"1786124408-193","https://sawa9ly.app/wishlist","Presse Agrume électrique 25W à Double rotation LEXICAL – عصارة حمضيات كهربائية","3,500 دج","+ أضف إلى السلة","https://sawa9ly.app/storage/61495/Lexical-Juicer-cnc.jpg"
"1786124408-194","https://sawa9ly.app/wishlist","Lampe de Table Décorative Design Élégant Idéal pour Chambre de Nuit GM1 – مصباح غرفة النوم","3,000 دج","+ أضف إلى السلة","https://sawa9ly.app/storage/61996/Lampe-Farasha-V2-4.jpg"
"1786124408-195","https://sawa9ly.app/wishlist","Lampe de Table Décorative Design Élégant Idéal pour Chambre de Nuit PM – مصباح غرفة النوم","2,350 دج","+ أضف إلى السلة","https://sawa9ly.app/storage/62001/Lampe-Farasha-V1-2.jpg"
"1786124408-196","https://sawa9ly.app/wishlist","Ampoule LED RGBW E27 à intensité variable 16 couleurs – مصباح بأضواء ملونة","1,200 دج","+ أضف إلى السلة","https://sawa9ly.app/storage/62079/LED-RGBW-CNC.jpg"
"1786124408-197","https://sawa9ly.app/wishlist","Château à neige lumineux avec paillettes tourbillonnantes – ديكور قلعة الثلج","4,800 دج","+ أضف إلى السلة","https://sawa9ly.app/storage/62200/Crystal-Castle-1.jpg"
"1786124408-198","https://sawa9ly.app/wishlist","Calendrier Perpétuel à Rabat pour Décoration d’intérieur","1,350 دج","+ أضف إلى السلة","https://sawa9ly.app/storage/63144/Calendrie-Deco-cnc.jpg"
"1786124408-199","https://sawa9ly.app/wishlist","Boîte de rangement multifonctionnelle à plusieurs compartiments 1Pcs – علبة لتنظيم الأغراض متعددة الإستعمالات","1,000 دج","+ أضف إلى السلة","https://sawa9ly.app/storage/63284/storage-boxe-pl-cnc-1.jpg"
"1786124408-200","https://sawa9ly.app/wishlist","Humidificateur à Grain de Bois 200ml avec 7 Lumières de Couleur – معطر جو في الغرف","3,600 دج","+ أضف إلى السلة","https://sawa9ly.app/storage/63364/Aroma-Dif-V2-CNC.jpg"
"1786124408-201","https://sawa9ly.app/wishlist","Veilleuse de porte en bois portable avec détecteur de mouvement – مصباح مقبض الباب","2,000 دج","+ أضف إلى السلة","https://sawa9ly.app/storage/63767/JH.jpg"
"1786124408-202","https://sawa9ly.app/wishlist","2 Pile Rechargeable Lithium-Ion Type-C 1.2V 800mA – بطاريةقابلة للشحن","1,500 دج","+ أضف إلى السلة","https://sawa9ly.app/storage/63770/Piles-Rech-Bleu-cnc.jpg"
"1786124408-203","https://sawa9ly.app/wishlist","Serrure électronique d’armoire avec carte de déverrouillage – قفل درج ذكي مع بطاقة فتح","3,200 دج","+ أضف إلى السلة","https://sawa9ly.app/storage/63807/Verrou-Tiroire-cnc.jpg"
"1786124408-204","https://sawa9ly.app/wishlist","Chariot de manutention pliable et léger à 2 roues avec cordes élastiques – عربة خفيفة الوزن وقابلة للطي ذات عجلتين مع حبال مرنة","3,900 دج","+ أضف إلى السلة","https://sawa9ly.app/storage/64118/Chariot-Courses-cnc.jpg"
"1786124408-205","https://sawa9ly.app/wishlist","Coffret à bijoux en bois à 3 niveaux très élégant couleur noyer – علبة تنظيم المجوهرات","3,100 دج","+ أضف إلى السلة","https://sawa9ly.app/storage/65049/Box-Jowlery-bois-1.jpg"
"1786124408-206","https://sawa9ly.app/wishlist","Panier D’égouttage Rotatif pour Fruits et Légumes Facile et Rapide – سلة غسل الخضار","1,950 دج","+ أضف إلى السلة","https://sawa9ly.app/storage/65054/Salade-Spinner-cnc-1.jpg"
"1786124408-207","https://sawa9ly.app/wishlist","Coupe-ongles et lime à ongles électriques avec 9 têtes – جهاز قص الأظافر","2,350 دج","+ أضف إلى السلة","https://sawa9ly.app/storage/65243/Electric-nail-cliper-cnc.jpg"
"1786124408-208","https://sawa9ly.app/wishlist","Pack de 3 verrous de sécurité enfant pour électroménager et tiroirs – طقم قفل حماية للأطفال","600 دج","+ أضف إلى السلة","https://sawa9ly.app/storage/65300/Tirroir-lock-cnc-1-(1).jpg"
"1786124408-209","https://sawa9ly.app/wishlist","Bandelettes nasales magnétiques anti-ronflement pour un meilleur sommeil – شرائط أنفية مغناطيسية للرياضة والنوم مضادة للشخير","1,650 دج","+ أضف إلى السلة","https://sawa9ly.app/storage/65461/Nasal-PATCH-CNC.jpg"
"1786124408-210","https://sawa9ly.app/wishlist","Enceinte bluetooth et lampe astronaute idéale pour la décoration de chambre YM-121 – مصباح ومكبر صوت بلوتوث","4,000 دج","+ أضف إلى السلة","https://sawa9ly.app/storage/65500/YM121-CNC.jpg"
"1786124408-211","https://sawa9ly.app/wishlist","Voiture karting électrique pliable 12V pour enfants avec marche arrière – سيارة سباق كهربائية للأطفال","24,000 دج","+ أضف إلى السلة","https://sawa9ly.app/storage/65680/Kids-Electric-Car-cnc-1.jpg"
"1786124408-212","https://sawa9ly.app/wishlist","Multiprise et lampe de bureau 2500W avec USB Ports à intensité variable 3 couleurs","2,650 دج","+ أضف إلى السلة","https://sawa9ly.app/storage/66047/Socket-863-cnc.jpg"
"1786124408-213","https://sawa9ly.app/wishlist","Veilleuse LED Magnétique à Capteur de Mouvement","1,500 دج","+ أضف إلى السلة","https://sawa9ly.app/storage/66403/PIR-Night-Light-CNC-1.jpg"
"1786124408-214","https://sawa9ly.app/wishlist","Lampe de bureau et chargeur de téléphone portable sans fil 15 W – مصباح مكتب وشاحن لاسلكي","2,900 دج","+ أضف إلى السلة","https://sawa9ly.app/storage/66474/Chargeur-Basket-cnc.jpg"
"1786124408-215","https://sawa9ly.app/wishlist","Kit de Vlogging pour smartphone et appareil photo avec microphone et LED RGB","2,800 دج","+ أضف إلى السلة","https://sawa9ly.app/storage/66508/AY-49RGB-cnc.jpg"
"1786124408-216","https://sawa9ly.app/wishlist","Housse de volant séparée tissue alcantara antidérapant – غطاء عجلة القيادة","1,850 دج","+ أضف إلى السلة","https://sawa9ly.app/storage/66665/Couvre-Volant-Alcantara-cnc.jpg"
"1786124408-217","https://sawa9ly.app/wishlist","Housse de volant en fibre de carbone confortable et anti-dérapant – غطاء عجلة القيادة","1,900 دج","+ أضف إلى السلة","https://sawa9ly.app/storage/66733/Couvre-V-RED-Carbon-cnc.jpg"
"1786124408-218","https://sawa9ly.app/wishlist","Support Présentoir de Capsules 40 PCS Rotatif 360 Degrés – حامل كبسولات القهوة","2,350 دج","+ أضف إلى السلة","https://sawa9ly.app/storage/66812/Capsule-40pcs-CNC.jpg"
"1786124408-219","https://sawa9ly.app/wishlist","Lampe de table LED tactile rechargeable 3 couleurs design classique - مصباح ديكور بعدة درجات ضوئية","2,800 دج","+ أضف إلى السلة","https://sawa9ly.app/storage/66829/Lampe-RD-V2-CNC.jpg"
"1786124408-220","https://sawa9ly.app/wishlist","Guirlande LED Ramadan en Forme de Croissant et D’étoiles V3 – ستائر رمضانية مضيئة على شكل هلال ونجمة","2,450 دج","+ أضف إلى السلة","https://sawa9ly.app/storage/66957/media.jpeg"
"1786124408-221","https://sawa9ly.app/wishlist","Organisateur de casseroles à fixer sous un meuble robuste et réglable à 7 niveaux – منظم أواني","4,600 دج","+ أضف إلى السلة","https://sawa9ly.app/storage/66968/Pot-Rack-cnc.jpg"
"1786124408-222","https://sawa9ly.app/wishlist","Souffleur avec Ventilateur Turbo à Jet 4 Vitesses V2 – جهاز نسف الهواء محمول","3,350 دج","هذا المنتج غير متوفر حاليًا","https://sawa9ly.app/storage/67864/Mini-Jet-V2-CNC.jpg"
"1786124408-223","https://sawa9ly.app/wishlist","Horloge Murale numérique LED Blanche 3D GH0720L – ساعة رقمية تصميم ثلاثي الأبعاد","2,250 دج","+ أضف إلى السلة","https://sawa9ly.app/storage/67904/3D-White-clock-cnc.jpg"
"1786124408-224","https://sawa9ly.app/wishlist","Gants de moto Alpinestars MM93 Losail V2 Touche Tactile – قفازات إحترافية لسائقي الدراجات","4,700 دج","+ أضف إلى السلة","https://sawa9ly.app/storage/67916/Alpin-Star-Moto-V1-CNC.jpg"
"1786124408-225","https://sawa9ly.app/wishlist","Machine à expresso portable idéale pour le déplacement et et les activités de plein air – ماكينة صنع القهوة محمولة","4,000 دج","+ أضف إلى السلة","https://sawa9ly.app/storage/68356/Coffee-machine-cnc.jpg"
"1786124408-226","https://sawa9ly.app/wishlist","Jeu de blocs de construction colorés à faire tomber 30pcs - لعبة هدم الأبراج","2,100 دج","+ أضف إلى السلة","https://sawa9ly.app/storage/68898/30pcs-cnc.jpg"
"1786124408-227","https://sawa9ly.app/wishlist","Vase Lumineux LED Tactile en Cristal Couleurs RGB Rechargeable - فازة كريستال مضيئة","2,000 دج","+ أضف إلى السلة","https://sawa9ly.app/storage/68985/lt-137-cnc.jpg"
"1786124408-228","https://sawa9ly.app/wishlist","Porte-Manteau Mural Design Piano en Bois avec Touches Dorées - علاقة ملابس خشبية","2,800 دج","+ أضف إلى السلة","https://sawa9ly.app/storage/69201/porte-manteau-piano-3.jpg"
"1786124408-229","https://sawa9ly.app/wishlist","Smart Applique murale LED intelligente à détecteur de mouvement rechargeable 2Pcs - طقم مصباحين لإضاءة الممرات","2,300 دج","+ أضف إلى السلة","https://sawa9ly.app/storage/69248/smart-applique-cnc.jpg"
"1786124408-230","https://sawa9ly.app/wishlist","Détecteur de porte et fenêtre WiFi avec alarme capteur magnétique - مستشعر الأبواب والنوافذ الذكي","2,100 دج","+ أضف إلى السلة","https://sawa9ly.app/storage/69258/tuya-sensor-cnc.webp"
"1786124408-231","https://sawa9ly.app/wishlist","AVEL Prise intelligente WiFi avec commande vocale - مقبس طاقة ذكي (ويفي)","2,150 دج","+ أضف إلى السلة","https://sawa9ly.app/storage/69266/avel-wifi-cnc.jpg"
"1786124408-232","https://sawa9ly.app/wishlist","AVEL Prise intelligente WiFi avec commande vocale GM - مقبس طاقة ذكي (ويفي)","2,300 دج","+ أضف إلى السلة","https://sawa9ly.app/storage/69273/avel-plug-gm-cnc.jpg"
"1786124408-233","https://sawa9ly.app/wishlist","Écouteurs tour de cou Bluetooth Anker Soundcore Life U2 24 h d’autonomie - سماعات رياضية أصلية","3,850 دج","+ أضف إلى السلة","https://sawa9ly.app/storage/69323/life-u2i-cnc.jpg"
"1786124408-234","https://sawa9ly.app/wishlist","Tire Lait Electrique Mains Libres MY-378 4 Modes 12 Niveaux - جهاز إستخراج الحليب","7,500 دج","+ أضف إلى السلة","https://sawa9ly.app/storage/69926/my378-cnc2.webp"
"1786124408-235","https://sawa9ly.app/wishlist","Double Tire Lait Electrique Mains Libres MY-376 3 Modes 9 Niveaux - جهاز إستخراج الحليب 2 قطع","11,500 دج","+ أضف إلى السلة","https://sawa9ly.app/storage/69943/my376-double-cnc.png"
"1786124408-236","https://sawa9ly.app/wishlist","Double Tire Lait Electrique Mains Libres MY-375 4 Modes 12 Niveaux - جهاز إستخراج الحليب 2 قطع","15,000 دج","+ أضف إلى السلة","https://sawa9ly.app/storage/69950/my375-double-cnc.webp"
"1786124408-237","https://sawa9ly.app/wishlist","Double Tire Lait Electrique Mains Libres MY-378 4 Modes 12 Niveaux - جهاز إستخراج الحليب 2 قطع","15,000 دج","+ أضف إلى السلة","https://sawa9ly.app/storage/69956/my378-double-cnc.webp"
"1786124408-238","https://sawa9ly.app/wishlist","Applique murale solaire LED à Clip avec détecteur de mouvements YX-672L-1 - مصباح كشاف مع حساس حركة","1,900 دج","+ أضف إلى السلة","https://sawa9ly.app/storage/70041/lampe-1.jpg"
"1786124408-239","https://sawa9ly.app/wishlist","Ensemble de bandes de résistance Elastiques 5Pcs pour exercices de sport - طقم أحزمة المقاومة للرياضيين","1,900 دج","+ أضف إلى السلة","https://sawa9ly.app/storage/70427/1775050837110_hc49ly2a_thera-band-cnc.jpg"
"1786124408-240","https://sawa9ly.app/wishlist","Pile rechargeable USB type C AAA 700mWh en lithium BestFire - بطارية ليثيوم قابلة لإعادة الشحن","1,500 دج","+ أضف إلى السلة","https://sawa9ly.app/storage/70605/1775483860850_yzbvk1oz_principal-copia-10.jpg"
"1786124408-241","https://sawa9ly.app/wishlist","Chauffe-biberon portable rechargeable avec écran LCD et Température réglable - سخان قارورة الحليب","3,350 دج","+ أضف إلى السلة","https://sawa9ly.app/storage/70666/1775553643179_decl02u3_warm-milk-v2-cnc.jpg"
"1786124408-242","https://sawa9ly.app/wishlist","Oreiller cervical d'appui-tête de voiture en mousse à mémoire de forme - وسادة عنق في السيارة","1,950 دج","+ أضف إلى السلة","https://sawa9ly.app/storage/70739/1775638663531_scm96fen_repose-tete-foam-cnc-(1).jpg"
"1786124408-243","https://sawa9ly.app/wishlist","Euro Master EU-045 Emergency Tyre Inflator - بخاخ إصلاح ونفخ إطارات السيارة","1,350 دج","+ أضف إلى السلة","https://sawa9ly.app/storage/70765/1775654195855_vd74xapx_euro-master-cnc-(1).jpg"
"1786124408-244","https://sawa9ly.app/wishlist","Aspirateur Portable Multifonction 6en1 JB-168 batterie 1800 mAh Filtre HEPA - مكنسة كهربائية محمولة","5,500 دج","+ أضف إلى السلة","https://sawa9ly.app/storage/71116/1776158113030_f8eaqcyp_jb-168-cnc.jpg"
"1786124408-245","https://sawa9ly.app/wishlist","Gilet Support de téléphone pour sports unisex - سترة رياضية لحمل الهاتف للجنسين","1,350 دج","+ أضف إلى السلة","https://sawa9ly.app/storage/71131/1776160002828_yk2nvc6s_freepik__enhance__87793.png"
"1786124408-246","https://sawa9ly.app/wishlist","Panneau LED Neon Signe Open - لوحة مضيئة لواجهة محل","4,600 دج","+ أضف إلى السلة","https://sawa9ly.app/storage/71278/1776257639802_hbb4dr3h_open-panel-v2-cnc.jpg"
"1786124408-247","https://sawa9ly.app/wishlist","Horloge murale ronde avec télécommande et grand écran LED numérique DS-3853L - ساعة حائط دائرية تعمل بجهاز تحكم عن بعد مزودة بإضاءة رقمية","3,700 دج","+ أضف إلى السلة","https://sawa9ly.app/storage/71348/1776333275075_cqhbc1py_ds-3853l-cnc.jpg"
"1786124408-248","https://sawa9ly.app/wishlist","Sac à Dos MOTOCENTRIC pour Casque de Moto - حقيبة ظهر المخصصة لخوذة الدراجة النارية","8,000 دج","+ أضف إلى السلة","https://sawa9ly.app/storage/72134/1777803078929_5acbcuhf_moto-dream-cnc.jpg"
"1786124408-249","https://sawa9ly.app/wishlist","Casque Sans Fil Anker Q20i avec Réduction de Bruit Active - سماعات الرأس اللاسلكية بتقنية إلغاء الضوضاء","3,600 دج","+ أضف إلى السلة","https://sawa9ly.app/storage/72344/1777985910644_s8l48y3t_anker-q20i-cnc.jpg"
"1786124408-250","https://sawa9ly.app/wishlist","Écouteurs sans fil Monster Aura Fit GT29 Open-Back Ai Traduction - سماعات اللاسلكية بنظام الترجمة","3,800 دج","+ أضف إلى السلة","https://sawa9ly.app/storage/72530/1778320085690_9jb7ywkt_monster-gt29-cnc.jpg"
"1786124408-251","https://sawa9ly.app/wishlist","Microphone cravate sans fil Plokama VM-20 2,4 GHz - ارتقِ بصوتك إلى المستوى الاحترافي مع ميكروفون اللاسلكي المزدوج","3,800 دج","+ أضف إلى السلة","https://sawa9ly.app/storage/72738/1778423677504_oo11rste_imgi_59_y654re4.webp"
"1786124408-252","https://sawa9ly.app/wishlist","Organisateur de Maquillage Rotatif à 360° Deux Zones - منظم المكياج والأدوات الدوار 360 درجة","1,750 دج","+ أضف إلى السلة","https://sawa9ly.app/storage/72905/1778581380914_q11nwl6k_org-maquillage-023-cnc.jpg"
"1786124408-253","https://sawa9ly.app/wishlist","Organisateur de Pinceaux Rotatif à 360° - منظم فرش المكياج الدوار 360 درجة","1,400 دج","+ أضف إلى السلة","https://sawa9ly.app/storage/72907/1778583119571_vh6ufmqb_515zgrhknql._ac_.jpg"
"1786124408-254","https://sawa9ly.app/wishlist","Compresseur de Voiture BEETRO BE0172 150 PSI - مضخة وضاغط الهواء للسيارات بقوة 100 واط","2,900 دج","+ أضف إلى السلة","https://sawa9ly.app/storage/73131/1779013073769_94f5ypjs_be0172-cnc.jpg"
"1786124408-255","https://sawa9ly.app/wishlist","Coussinets de Talon Auto-Adhésifs Anti-Douleur et Anti-Frottement 1Pcs - وسادات حماية وتخفيف آلام كعب القدم ذاتية اللصق","850 دج","+ أضف إلى السلة","https://sawa9ly.app/storage/73887/1780150095935-onnriu.jpg"
"1786124408-256","https://sawa9ly.app/wishlist","Clavier Mécanique Ajazz AK820 Pro Black avec Écran TFT et Structure Gasket - لوحة مفاتيح ميكانيكية","16,500 دج","+ أضف إلى السلة","https://sawa9ly.app/storage/73956/1780489203588-4dqooj.jpg"
"1786124408-257","https://sawa9ly.app/wishlist","Clavier Mécanique Ajazz AK820 Purple avec Bouton de Volume et Structure Gasket - لوحة مفاتيح ميكانيكية","13,000 دج","+ أضف إلى السلة","https://sawa9ly.app/storage/73970/1780489284993-f12qqi.jpg"
"1786124408-258","https://sawa9ly.app/wishlist","Clavier Gaming Magnétique ATTACK SHARK X68HE 60% avec Rapid Trigger et 8000Hz - لوحة مفاتيح المغناطيسية","12,500 دج","+ أضف إلى السلة","https://sawa9ly.app/storage/73991/1780499772489-v3emj7.jpg"
"1786124408-259","https://sawa9ly.app/wishlist","Glacière et Réchauffeur Thermoélectrique Portable 28L avec Roues - ثلاجة وسخان متنقل سعة 28 لتر","21,000 دج","+ أضف إلى السلة","https://sawa9ly.app/storage/74015/1780568347442-tb1603.jpg"
"1786124408-260","https://sawa9ly.app/wishlist","Poignée de Prise de Vue Photo/Vidéo pour Téléphone avec Télécommande et Lumière LED - قبضة التصوير الذكية للهواتف بمؤثرات إضاءة وريموت بلوتوث","4,650 دج","+ أضف إلى السلة","https://sawa9ly.app/storage/74312/1781083460332-ktq882.jpg"
"1786124408-261","https://sawa9ly.app/wishlist","Protecteur de Câble Intelligent avec Éjection Automatique et Anti-Surcharge - وصلة حماية الشاحن الذكية بخاصية الفصل التلقائي","2,600 دج","+ أضف إلى السلة","https://sawa9ly.app/storage/74338/1781084558305-jf6awd.jpg"
"1786124408-262","https://sawa9ly.app/wishlist","Sac Étanche Ocean Pack Dry Bag 15L Haute Résistance avec Double Bretelles - حقيبة مقاومة للماء بالكامل بسعة 15 لتر","2,250 دج","+ أضف إلى السلة","https://sawa9ly.app/storage/74427/1781166157228-1aj92d.jpg"
"1786124408-263","https://sawa9ly.app/wishlist","Pistolet de Massage Professionnel avec 9 Têtes Interchangeables pour Relaxation Totale - جهاز تدليك الجسم الاحترافي بـ 9 رؤوس لتدليك الأنسجة العميقة","4,250 دج","+ أضف إلى السلة","https://sawa9ly.app/storage/74507/1781190928688-wuin26.webp"
"1786124408-264","https://sawa9ly.app/wishlist","Hydropulseur Dentaire Sans Fil Jet Dentaire Portable à 3 Modes et 4 Buses - جهاز تنظيف الأسنان واللثة المائي","3,200 دج","+ أضف إلى السلة","https://sawa9ly.app/storage/74761/1781703933019_q22ous06_51vjnr-gd-l._ac_.jpg"
"1786124408-265","https://sawa9ly.app/wishlist","Mini Power Bank Portable Anker 10W 5000mAh avec Connecteur Direct - باور بانك مصغر ومحمول","2,150 دج","+ أضف إلى السلة","https://sawa9ly.app/storage/74771/1781707052078_k8l076go_anker-pb5000.jpg"
"1786124408-266","https://sawa9ly.app/wishlist","GPS Anti-perte Outil de localisation intelligent E91 HOCO - جهاز تحديد المواقع لهواتف الأيفون","3,800 دج","+ أضف إلى السلة","https://sawa9ly.app/storage/74979/1782031564262_xi5y7nzn_s6abdc8eb30eb4c50b711d9cb97375a917.jpg"
"1786124408-267","https://sawa9ly.app/wishlist","Déflecteur d'évent de climatisation réglable 270 degrés Anti soufflage Direct - موجه ومشتت هواء المكيف المنزلي","1,800 دج","+ أضف إلى السلة","https://sawa9ly.app/storage/75134/1782117845026_58z712he_1.jpg"
"1786124408-268","https://sawa9ly.app/wishlist","Applique Murale LED Intelligente Avec Capteur de Mouvement Écran Horloge Numérique - مصباح الحائط الذكي بمستشعر حركة وشاشة رقمية لعرض الوقت","1,950 دج","+ أضف إلى السلة","https://sawa9ly.app/storage/75179/1782132068832_0ojcxv0c_0.jpg"
"1786124408-269","https://sawa9ly.app/wishlist","Kit d'Éclairage 10 LED pour Miroir de Maquillage Contrôle Tactile - أشرطة إضاءة مرآة الماكياج","1,750 دج","+ أضف إلى السلة","https://sawa9ly.app/storage/75222/1782212406118_vyv0jhp9_1.jpg"
"1786124408-270","https://sawa9ly.app/wishlist","Éclairage Solaire pour Escaliers et Marches Extérieures Étanche IP67 - مصابيح السلالم والأدراج الشمسية الذكية المقاومة للماء","1,250 دج","+ أضف إلى السلة","https://sawa9ly.app/storage/75285/1782298696471_c8sjhcy8_1.jpg"
"1786124408-271","https://sawa9ly.app/wishlist","Écouteurs Open-Ear soundcore by Anker V20i Crochets Ajustables Autonomie 36H et Lumières LED - سماعات أنكر اللاسلكية ذات التصميم المفتوح والخطاف القابل للتعديل","5,600 دج","+ أضف إلى السلة","https://sawa9ly.app/storage/75482/1782657742718_v26dr165_1.jpg"
"1786124408-272","https://sawa9ly.app/wishlist","Projecteur Antibrouillard LED Forme Chouette 40W - Éclairage Jaune/Blanc ET Devil Eye Rouge - مصابيح ضباب ليد بتصميم عين البومة","2,100 دج","+ أضف إلى السلة","https://sawa9ly.app/storage/76088/1784985128318_6sjhyqji_1.jpg"
"1786124408-273","https://sawa9ly.app/wishlist","Lanterne de Camping LED Solaire et Rechargeable USB 40 LED + 2 COB - مصباح وكيشاف تخييم يدوي يعمل بالطاقة الشمسية بـ 4 وضعيات إضاءة","2,600 دج","+ أضف إلى السلة","https://sawa9ly.app/storage/76141/1784990634997_l1n2dsfa_615hddzr0xl._sl1024_.jpg"
"1786124408-274","https://sawa9ly.app/wishlist","Boîte d'Organisation et Rangement de Maquillage Grande Capacité - منظم وصندوق أدراج للمكياج والمستحضرات بتصميم شفاف وعصري","2,750 دج","+ أضف إلى السلة","https://sawa9ly.app/storage/76237/1785059402073_s6cbglsj_61jgaad5lml._ac_sl1001_.jpg"
"1786133712-1","https://sawa9ly.app/category/8?page=9","1786133712-1","800 دج","+ أضف إلى السلة","https://sawaqli.fra1.cdn.digitaloceanspaces.com/1038/71S4FnSc3L._AC_SL1000_.jpg"
"1786133712-2","https://sawa9ly.app/category/8?page=9","1786133712-2","4,500 دج","+ أضف إلى السلة","https://sawaqli.fra1.cdn.digitaloceanspaces.com/49702/Pack-Parepluie-cnc.jpg"
"1786133712-6","https://sawa9ly.app/category/8?page=9","1786133712-6","1,600 دج","+ أضف إلى السلة","https://sawaqli.fra1.cdn.digitaloceanspaces.com/956/guirlande-lumineuse-en-fil-de-cuivre-de-30-cm-de-feux-d-artifice-de-boule-d-explosion-boite-de-150-piles-a-del-decorative-avec-t.jpg"
"1786133712-7","https://sawa9ly.app/category/8?page=9","1786133712-7","2,100 دج","+ أضف إلى السلة","https://sawaqli.fra1.cdn.digitaloceanspaces.com/941/photo_5812372524804193116_y.jpg"
"1786133706-1","https://sawa9ly.app/category/8?page=8","1786133706-1","1,850 دج","+ أضف إلى السلة","https://sawaqli.fra1.cdn.digitaloceanspaces.com/14764/Main-shroom-led.jpg"
"1786133706-2","https://sawa9ly.app/category/8?page=8","1786133706-2","3,500 دج","+ أضف إلى السلة","https://sawaqli.fra1.cdn.digitaloceanspaces.com/13502/Diffuseur-dhuiles-essentielles-pour-la-maison-humidificateur-dair-de-cheminee-lampe-de-feu-de-roche-de-sel-de-cristal-parfum-darome-de-flamme-constants-ique-pipeline-5V.jpg"
"1786133706-3","https://sawa9ly.app/category/8?page=8","1786133706-3","1,550 دج","+ أضف إلى السلة","https://sawaqli.fra1.cdn.digitaloceanspaces.com/12507/03a34d13-d2e4-4aa3-92a0-4a2900921df4.jpg"
"1786133706-4","https://sawa9ly.app/category/8?page=8","1786133706-4","1,550 دج","+ أضف إلى السلة","https://sawaqli.fra1.cdn.digitaloceanspaces.com/12472/bcae43a1-f1cc-41a0-ad5e-929080402c42.jpg"
"1786133706-5","https://sawa9ly.app/category/8?page=8","1786133706-5","3,650 دج","+ أضف إلى السلة","https://sawaqli.fra1.cdn.digitaloceanspaces.com/12406/09a5950529af571b2a5768888c9a78a3.png"
"1786133706-6","https://sawa9ly.app/category/8?page=8","1786133706-6","2,000 دج","+ أضف إلى السلة","https://sawaqli.fra1.cdn.digitaloceanspaces.com/12356/Diffuseur-d-huiles-essentielles-et-d-ar-me-pour-lampe-de-Table-en-cristal-humidificateur-d-600x600-(1).png"
"1786133706-7","https://sawa9ly.app/category/8?page=8","1786133706-7","2,300 دج","+ أضف إلى السلة","https://sawaqli.fra1.cdn.digitaloceanspaces.com/12305/téléchargement-(3).jpeg"
"1786133706-8","https://sawa9ly.app/category/8?page=8","1786133706-8","2,050 دج","+ أضف إلى السلة","https://sawaqli.fra1.cdn.digitaloceanspaces.com/37276/O1CN01pbgBbX1a0n7SZovjH_!!2214658863268-0-cib.jpg"
"1786133706-9","https://sawa9ly.app/category/8?page=8","1786133706-9","2,450 دج","+ أضف إلى السلة","https://sawaqli.fra1.cdn.digitaloceanspaces.com/10844/c6b4fe3d-99a5-4b54-990d-db14e2a9c580.jpg"
"1786133706-10","https://sawa9ly.app/category/8?page=8","1786133706-10","1,600 دج","+ أضف إلى السلة","https://sawaqli.fra1.cdn.digitaloceanspaces.com/10273/Ha502e1bed1564cab92f0c1387ae1f72cv.png"
"1786133706-11","https://sawa9ly.app/category/8?page=8","1786133706-11","2,550 دج","+ أضف إلى السلة","https://sawaqli.fra1.cdn.digitaloceanspaces.com/10210/00245sdfsdsdfooosdzoi.jpg"
"1786133706-12","https://sawa9ly.app/category/8?page=8","1786133706-12","1,000 دج","+ أضف إلى السلة","https://sawaqli.fra1.cdn.digitaloceanspaces.com/10151/SUIXI-4-Pack-Under-Cabinet-Lighting_-Wireless-Motion-Sensor-LED-Light_-Rechargeable-for-Indoor-Use-P.jpeg"
"1786133706-15","https://sawa9ly.app/category/8?page=8","1786133706-15","2,500 دج","+ أضف إلى السلة","https://sawaqli.fra1.cdn.digitaloceanspaces.com/22553/Lampe-cr-ative-en-forme-de-m-duse-3-16-couleurs-en-cristal-veilleuse-champignon-luminaire.jpg_.webp"
"1786133706-16","https://sawa9ly.app/category/8?page=8","1786133706-16","2,150 دج","+ أضف إلى السلة","https://sawaqli.fra1.cdn.digitaloceanspaces.com/7565/0-1.jpg"
"1786133706-17","https://sawa9ly.app/category/8?page=8","1786133706-17","2,600 دج","+ أضف إلى السلة","https://sawaqli.fra1.cdn.digitaloceanspaces.com/12784/il_300x300.5619007836_8s3h.jpg"
"1786133706-18","https://sawa9ly.app/category/8?page=8","1786133706-18","2,200 دج","+ أضف إلى السلة","https://sawaqli.fra1.cdn.digitaloceanspaces.com/7222/0-36.jpg"
"1786133706-20","https://sawa9ly.app/category/8?page=8","1786133706-20","3,200 دج","+ أضف إلى السلة","https://sawaqli.fra1.cdn.digitaloceanspaces.com/6547/s-l1600-18.jpg"
"1786133701-1","https://sawa9ly.app/category/8?page=7","1786133701-1","3,600 دج","+ أضف إلى السلة","https://sawaqli.fra1.cdn.digitaloceanspaces.com/22636/Humd-Rain-1.jpg"
"1786133701-2","https://sawa9ly.app/category/8?page=7","1786133701-2","1,500 دج","+ أضف إلى السلة","https://sawaqli.fra1.cdn.digitaloceanspaces.com/21969/balance-balls-7.jpg"
"1786133701-3","https://sawa9ly.app/category/8?page=7","1786133701-3","1,800 دج","+ أضف إلى السلة","https://sawaqli.fra1.cdn.digitaloceanspaces.com/21958/Phonographe-3.jpg"
"1786133701-4","https://sawa9ly.app/category/8?page=7","1786133701-4","5,700 دج","+ أضف إلى السلة","https://sawaqli.fra1.cdn.digitaloceanspaces.com/21169/Starry-Light-cnc.jpg"
"1786133701-5","https://sawa9ly.app/category/8?page=7","1786133701-5","3,800 دج","+ أضف إلى السلة","https://sawaqli.fra1.cdn.digitaloceanspaces.com/20804/Horloge-LED-DS-3688L-CNC.jpg"
"1786133701-6","https://sawa9ly.app/category/8?page=7","1786133701-6","1,350 دج","+ أضف إلى السلة","https://sawaqli.fra1.cdn.digitaloceanspaces.com/19383/Lampe-de-projection-astrale.jpg"
"1786133701-7","https://sawa9ly.app/category/8?page=7","1786133701-7","2,200 دج","+ أضف إلى السلة","https://sawaqli.fra1.cdn.digitaloceanspaces.com/18638/Untitled-1-7.jpg"
"1786133701-8","https://sawa9ly.app/category/8?page=7","1786133701-8","9,000 دج","+ أضف إلى السلة","https://sawaqli.fra1.cdn.digitaloceanspaces.com/44873/Stylo-TRD-CNC.jpg"
"1786133701-9","https://sawa9ly.app/category/8?page=7","1786133701-9","3,500 دج","+ أضف إلى السلة","https://sawaqli.fra1.cdn.digitaloceanspaces.com/17535/WhatsApp-Image-2024-03-28-at-1.18.57-PM.jpeg"
"1786133701-10","https://sawa9ly.app/category/8?page=7","1786133701-10","1,800 دج","+ أضف إلى السلة","https://sawaqli.fra1.cdn.digitaloceanspaces.com/16605/crystale-tactile.jpg"
"1786133701-11","https://sawa9ly.app/category/8?page=7","1786133701-11","2,400 دج","+ أضف إلى السلة","https://sawaqli.fra1.cdn.digitaloceanspaces.com/16316/2.jpg"
"1786133701-12","https://sawa9ly.app/category/8?page=7","1786133701-12","3,350 دج","+ أضف إلى السلة","https://sawaqli.fra1.cdn.digitaloceanspaces.com/15921/roches-diffuseur-5.jpg"
"1786133701-13","https://sawa9ly.app/category/8?page=7","1786133701-13","3,250 دج","+ أضف إلى السلة","https://sawaqli.fra1.cdn.digitaloceanspaces.com/15519/rangement-de-bijoux-de-bureau.jpg"
"1786133701-14","https://sawa9ly.app/category/8?page=7","1786133701-14","800 دج","+ أضف إلى السلة","https://sawaqli.fra1.cdn.digitaloceanspaces.com/15223/Guirlandes-ramadan-9.jpg"
"1786133701-15","https://sawa9ly.app/category/8?page=7","1786133701-15","1,050 دج","+ أضف إلى السلة","https://sawaqli.fra1.cdn.digitaloceanspaces.com/15219/Guirlandes-ramadan-v2-8.jpg"
"1786133701-16","https://sawa9ly.app/category/8?page=7","1786133701-16","2,100 دج","+ أضف إلى السلة","https://sawaqli.fra1.cdn.digitaloceanspaces.com/15130/Mini-humidificateur-USB-decontracte.jpg"
"1786133701-17","https://sawa9ly.app/category/8?page=7","1786133701-17","1,650 دج","+ أضف إلى السلة","https://sawaqli.fra1.cdn.digitaloceanspaces.com/14984/9fdecbf015e3850b1c3ba2439c0de755.png"
"1786133701-18","https://sawa9ly.app/category/8?page=7","1786133701-18","2,200 دج","+ أضف إلى السلة","https://sawaqli.fra1.cdn.digitaloceanspaces.com/14882/calendrier-rotativ-ramadan-2.jpg"
"1786133701-19","https://sawa9ly.app/category/8?page=7","1786133701-19","1,650 دج","+ أضف إلى السلة","https://sawaqli.fra1.cdn.digitaloceanspaces.com/14879/image_S_r.jpeg"
"1786133701-20","https://sawa9ly.app/category/8?page=7","1786133701-20","2,200 دج","+ أضف إلى السلة","https://sawaqli.fra1.cdn.digitaloceanspaces.com/14768/musicalescaroussel.jpg"
"1786133695-1","https://sawa9ly.app/category/8?page=6","1786133695-1","1,500 دج","+ أضف إلى السلة","https://sawaqli.fra1.cdn.digitaloceanspaces.com/33062/LED-8W-4LAMPE-CNC-(2).jpg"
"1786133695-2","https://sawa9ly.app/category/8?page=6","1786133695-2","1,500 دج","+ أضف إلى السلة","https://sawaqli.fra1.cdn.digitaloceanspaces.com/33057/LED-6W-3LAMPE-7.jpg"
"1786133695-3","https://sawa9ly.app/category/8?page=6","1786133695-3","1,400 دج","+ أضف إلى السلة","https://sawaqli.fra1.cdn.digitaloceanspaces.com/33048/LED-4W-2LAMPE-CNC.jpg"
"1786133695-4","https://sawa9ly.app/category/8?page=6","1786133695-4","1,400 دج","+ أضف إلى السلة","https://sawaqli.fra1.cdn.digitaloceanspaces.com/32615/lampe-cham3a-cnc.jpg"
"1786133695-5","https://sawa9ly.app/category/8?page=6","1786133695-5","4,000 دج","+ أضف إلى السلة","https://sawaqli.fra1.cdn.digitaloceanspaces.com/32557/JH28060-CNC.jpg"
"1786133695-6","https://sawa9ly.app/category/8?page=6","1786133695-6","2,900 دج","+ أضف إلى السلة","https://sawaqli.fra1.cdn.digitaloceanspaces.com/32293/Voiture-Gold-cnc.jpg"
"1786133695-7","https://sawa9ly.app/category/8?page=6","1786133695-7","2,150 دج","+ أضف إلى السلة","https://sawaqli.fra1.cdn.digitaloceanspaces.com/32276/Lamp-Champ-cnc.jpg"
"1786133695-8","https://sawa9ly.app/category/8?page=6","1786133695-8","2,900 دج","+ أضف إلى السلة","https://sawaqli.fra1.cdn.digitaloceanspaces.com/31389/Telephone-Music-Box-1.jpg"
"1786133695-9","https://sawa9ly.app/category/8?page=6","1786133695-9","1,750 دج","+ أضف إلى السلة","https://sawaqli.fra1.cdn.digitaloceanspaces.com/31301/Flower-Humidi-CNC.jpg"
"1786133695-10","https://sawa9ly.app/category/8?page=6","1786133695-10","2,350 دج","+ أضف إلى السلة","https://sawaqli.fra1.cdn.digitaloceanspaces.com/30937/Panda-Silicone-RV-CNC.jpg"
"1786133695-11","https://sawa9ly.app/category/8?page=6","1786133695-11","1,600 دج","+ أضف إلى السلة","https://sawaqli.fra1.cdn.digitaloceanspaces.com/30297/Cristale-lamp-new-cnc2.jpg"
"1786133695-13","https://sawa9ly.app/category/8?page=6","1786133695-13","1,450 دج","+ أضف إلى السلة","https://sawaqli.fra1.cdn.digitaloceanspaces.com/28832/Strip-10m-new-CNC.jpg"
"1786133695-14","https://sawa9ly.app/category/8?page=6","1786133695-14","1,200 دج","+ أضف إلى السلة","https://sawa9ly.app/storage/62649/Astro-deco-cnc.jpg"
"1786133695-15","https://sawa9ly.app/category/8?page=6","1786133695-15","1,200 دج","+ أضف إلى السلة","https://sawaqli.fra1.cdn.digitaloceanspaces.com/27748/Lampes-RD-colore-cnc.jpg"
"1786133695-16","https://sawa9ly.app/category/8?page=6","1786133695-16","1,200 دج","+ أضف إلى السلة","https://sawaqli.fra1.cdn.digitaloceanspaces.com/27742/lampes-multicolor-led-cnc.jpg"
"1786133695-17","https://sawa9ly.app/category/8?page=6","1786133695-17","4,350 دج","+ أضف إلى السلة","https://sawaqli.fra1.cdn.digitaloceanspaces.com/23948/Moon-Astro-cnc.jpg"
"1786133695-18","https://sawa9ly.app/category/8?page=6","1786133695-18","1,550 دج","+ أضف إلى السلة","https://sawaqli.fra1.cdn.digitaloceanspaces.com/23830/lampe-cristale-cnc.jpg"
"1786133695-19","https://sawa9ly.app/category/8?page=6","1786133695-19","1,500 دج","+ أضف إلى السلة","https://sawaqli.fra1.cdn.digitaloceanspaces.com/23401/Rose-Diamond-cnc.jpg"
"1786133695-20","https://sawa9ly.app/category/8?page=6","1786133695-20","1,900 دج","+ أضف إلى السلة","https://sawaqli.fra1.cdn.digitaloceanspaces.com/22660/Lotus-Hum-cnc.jpg"
"1786133687-1","https://sawa9ly.app/category/8?page=5","1786133687-1","2,400 دج","+ أضف إلى السلة","https://sawaqli.fra1.cdn.digitaloceanspaces.com/41553/gb470612005-CNC.jpg"
"1786133687-2","https://sawa9ly.app/category/8?page=5","1786133687-2","3,400 دج","+ أضف إلى السلة","https://sawaqli.fra1.cdn.digitaloceanspaces.com/39646/Doublesky-(3).jpg"
"1786133687-3","https://sawa9ly.app/category/8?page=5","1786133687-3","3,300 دج","+ أضف إلى السلة","https://sawaqli.fra1.cdn.digitaloceanspaces.com/39404/YL20291-CNC.jpg"
"1786133687-4","https://sawa9ly.app/category/8?page=5","1786133687-4","2,200 دج","+ أضف إلى السلة","https://sawaqli.fra1.cdn.digitaloceanspaces.com/37889/MusicViolin-CNC.jpg"
"1786133687-5","https://sawa9ly.app/category/8?page=5","1786133687-5","5,600 دج","+ أضف إلى السلة","https://sawaqli.fra1.cdn.digitaloceanspaces.com/37536/Baff-Maison-cnc.jpg"
"1786133687-6","https://sawa9ly.app/category/8?page=5","1786133687-6","2,300 دج","+ أضف إلى السلة","https://sawaqli.fra1.cdn.digitaloceanspaces.com/37199/Fleurs-Arb-cnc.jpg"
"1786133687-7","https://sawa9ly.app/category/8?page=5","1786133687-7","2,200 دج","+ أضف إلى السلة","https://sawaqli.fra1.cdn.digitaloceanspaces.com/37177/M-Coudre-cnc.jpg"
"1786133687-8","https://sawa9ly.app/category/8?page=5","1786133687-8","2,050 دج","+ أضف إلى السلة","https://sawaqli.fra1.cdn.digitaloceanspaces.com/35902/Humidfier-Y10-cnc.jpg"
"1786133687-9","https://sawa9ly.app/category/8?page=5","1786133687-9","3,200 دج","+ أضف إلى السلة","https://sawaqli.fra1.cdn.digitaloceanspaces.com/35463/Alarm-Silicone-cnc.jpg"
"1786133687-10","https://sawa9ly.app/category/8?page=5","1786133687-10","1,200 دج","+ أضف إلى السلة","https://sawaqli.fra1.cdn.digitaloceanspaces.com/35306/Camera-COB-cnc.jpg"
"1786133687-11","https://sawa9ly.app/category/8?page=5","1786133687-11","2,800 دج","+ أضف إلى السلة","https://sawaqli.fra1.cdn.digitaloceanspaces.com/35174/71V8pL1yeL._AC_SL1500_-1.jpg"
"1786133687-12","https://sawa9ly.app/category/8?page=5","1786133687-12","2,700 دج","+ أضف إلى السلة","https://sawaqli.fra1.cdn.digitaloceanspaces.com/34790/Logo-Club-5-(1).jpg"
"1786133687-13","https://sawa9ly.app/category/8?page=5","1786133687-13","2,700 دج","+ أضف إلى السلة","https://sawaqli.fra1.cdn.digitaloceanspaces.com/34780/Logo-Club-6.jpg"
"1786133687-14","https://sawa9ly.app/category/8?page=5","1786133687-14","2,100 دج","+ أضف إلى السلة","https://sawaqli.fra1.cdn.digitaloceanspaces.com/34363/Wall-LED-8-cnc.jpg"
"1786133687-15","https://sawa9ly.app/category/8?page=5","1786133687-15","2,300 دج","+ أضف إلى السلة","https://sawaqli.fra1.cdn.digitaloceanspaces.com/33827/Lampe-Betta-cnc.jpg"
"1786133687-16","https://sawa9ly.app/category/8?page=5","1786133687-16","4,700 دج","+ أضف إلى السلة","https://sawaqli.fra1.cdn.digitaloceanspaces.com/33805/Horloge-vintage-2.jpg"
"1786133687-17","https://sawa9ly.app/category/8?page=5","1786133687-17","2,400 دج","+ أضف إلى السلة","https://sawaqli.fra1.cdn.digitaloceanspaces.com/33750/Unicorn-cnc.jpg"
"1786133687-18","https://sawa9ly.app/category/8?page=5","1786133687-18","2,400 دج","+ أضف إلى السلة","https://sawaqli.fra1.cdn.digitaloceanspaces.com/33622/lampe-astro-cnc.jpg"
"1786133687-19","https://sawa9ly.app/category/8?page=5","1786133687-19","3,800 دج","+ أضف إلى السلة","https://sawaqli.fra1.cdn.digitaloceanspaces.com/33453/FirePlace-cnc.jpg"
"1786133687-20","https://sawa9ly.app/category/8?page=5","1786133687-20","3,350 دج","+ أضف إلى السلة","https://sawaqli.fra1.cdn.digitaloceanspaces.com/33258/Aroma-Difiseur-cnc.jpg"
"1786133678-1","https://sawa9ly.app/category/8?page=4","1786133678-1","4,250 دج","+ أضف إلى السلة","https://sawaqli.fra1.cdn.digitaloceanspaces.com/59310/MD-1318BT-CNC2-600x600.jpg"
"1786133678-2","https://sawa9ly.app/category/8?page=4","1786133678-2","3,800 دج","+ أضف إلى السلة","https://sawaqli.fra1.cdn.digitaloceanspaces.com/59304/vintage-R-cnc.jpg"
"1786133678-4","https://sawa9ly.app/category/8?page=4","1786133678-4","1,200 دج","+ أضف إلى السلة","https://sawaqli.fra1.cdn.digitaloceanspaces.com/59151/LY2054-CNC.jpg"
"1786133678-7","https://sawa9ly.app/category/8?page=4","1786133678-7","1,850 دج","+ أضف إلى السلة","https://sawaqli.fra1.cdn.digitaloceanspaces.com/59059/LY2002-CNC.jpg"
"1786133678-9","https://sawa9ly.app/category/8?page=4","1786133678-9","2,300 دج","+ أضف إلى السلة","https://sawaqli.fra1.cdn.digitaloceanspaces.com/55158/Stitch-blind-box-CNC-600x600.jpg"
"1786133678-10","https://sawa9ly.app/category/8?page=4","1786133678-10","5,600 دج","+ أضف إلى السلة","https://sawaqli.fra1.cdn.digitaloceanspaces.com/54454/Humidificateur-Bateau-cnc.jpg"
"1786133678-11","https://sawa9ly.app/category/8?page=4","1786133678-11","2,000 دج","+ أضف إلى السلة","https://sawaqli.fra1.cdn.digitaloceanspaces.com/53994/JF-8818-cnc.jpg"
"1786133678-13","https://sawa9ly.app/category/8?page=4","1786133678-13","950 دج","+ أضف إلى السلة","https://sawaqli.fra1.cdn.digitaloceanspaces.com/51181/chem3a-led-1pcs.jpg"
"1786133678-14","https://sawa9ly.app/category/8?page=4","1786133678-14","2,100 دج","+ أضف إلى السلة","https://sawaqli.fra1.cdn.digitaloceanspaces.com/45949/music-box.jpg"
"1786133678-15","https://sawa9ly.app/category/8?page=4","1786133678-15","1,600 دج","+ أضف إلى السلة","https://sawaqli.fra1.cdn.digitaloceanspaces.com/45131/Christmas-Bulb-cnc.jpg"
"1786133678-16","https://sawa9ly.app/category/8?page=4","1786133678-16","1,650 دج","+ أضف إلى السلة","https://sawaqli.fra1.cdn.digitaloceanspaces.com/44233/stitch-mini-lp-1.jpg"
"1786133678-17","https://sawa9ly.app/category/8?page=4","1786133678-17","3,000 دج","+ أضف إلى السلة","https://sawaqli.fra1.cdn.digitaloceanspaces.com/42737/Stary-cnc.jpg"
"1786133678-18","https://sawa9ly.app/category/8?page=4","1786133678-18","1,000 دج","+ أضف إلى السلة","https://sawaqli.fra1.cdn.digitaloceanspaces.com/42499/LEDSTARHILAL-CNC.jpg"
"1786133678-20","https://sawa9ly.app/category/8?page=4","1786133678-20","700 دج","+ أضف إلى السلة","https://sawaqli.fra1.cdn.digitaloceanspaces.com/42365/USBAstronut-CNC.jpg"
"1786134481-1","https://sawa9ly.app/category/5?page=26","1786134481-1","3,800 دج","+ أضف إلى السلة","https://sawaqli.fra1.cdn.digitaloceanspaces.com/41701/LunchBox3t.jpg"
"1786134481-2","https://sawa9ly.app/category/5?page=26","1786134481-2","1,250 دج","+ أضف إلى السلة","https://sawaqli.fra1.cdn.digitaloceanspaces.com/24637/Balance-numerique.jpg"
"1786134481-3","https://sawa9ly.app/category/5?page=26","1786134481-3","1,400 دج","+ أضف إلى السلة","https://sawaqli.fra1.cdn.digitaloceanspaces.com/24689/Wireless-alarme-(2).jpg"
"1786134481-4","https://sawa9ly.app/category/5?page=26","1786134481-4","2,400 دج","+ أضف إلى السلة","https://sawaqli.fra1.cdn.digitaloceanspaces.com/1074/il_fullxfull.4951672876_rt6f.jpg"
"1786134481-5","https://sawa9ly.app/category/5?page=26","1786134481-5","1,200 دج","+ أضف إلى السلة","https://sawaqli.fra1.cdn.digitaloceanspaces.com/1067/WhatsApp-Image-2023-07-20-at-2.09.27-PM.jpeg"
"1786134481-6","https://sawa9ly.app/category/5?page=26","1786134481-6","1,800 دج","+ أضف إلى السلة","https://sawaqli.fra1.cdn.digitaloceanspaces.com/48593/freepik__enhance__73172.jpeg"
"1786134474-1","https://sawa9ly.app/category/5?page=25","1786134474-1","1,600 دج","+ أضف إلى السلة","https://sawaqli.fra1.cdn.digitaloceanspaces.com/23840/HP-Horloge-2en1-cnc.jpg"
"1786134474-2","https://sawa9ly.app/category/5?page=25","1786134474-2","1,400 دج","+ أضف إلى السلة","https://sawaqli.fra1.cdn.digitaloceanspaces.com/23839/Strip-10m-cnc.jpg"
"1786134474-3","https://sawa9ly.app/category/5?page=25","1786134474-3","2,500 دج","+ أضف إلى السلة","https://sawaqli.fra1.cdn.digitaloceanspaces.com/23838/Humdificateur-flame-2.jpg"
"1786134474-4","https://sawa9ly.app/category/5?page=25","1786134474-4","1,600 دج","+ أضف إلى السلة","https://sawaqli.fra1.cdn.digitaloceanspaces.com/1635/dddddddd.jpg"
"1786134474-5","https://sawa9ly.app/category/5?page=25","1786134474-5","5,300 دج","+ أضف إلى السلة","https://sawaqli.fra1.cdn.digitaloceanspaces.com/23837/Tripied-Mac-Tech-cnc.jpg"
"1786134474-6","https://sawa9ly.app/category/5?page=25","1786134474-6","5,500 دج","+ أضف إلى السلة","https://sawaqli.fra1.cdn.digitaloceanspaces.com/1587/38-cm-5-3.jpg"
"1786134474-7","https://sawa9ly.app/category/5?page=25","1786134474-7","1,500 دج","+ أضف إلى السلة","https://sawaqli.fra1.cdn.digitaloceanspaces.com/1565/71YhxJkwgZS._AC_SL1500_.jpg"
"1786134474-8","https://sawa9ly.app/category/5?page=25","1786134474-8","2,350 دج","+ أضف إلى السلة","https://sawaqli.fra1.cdn.digitaloceanspaces.com/1552/71sNODGJLDL._AC_SL1500_-1.jpg"
"1786134474-9","https://sawa9ly.app/category/5?page=25","1786134474-9","1,850 دج","+ أضف إلى السلة","https://sawaqli.fra1.cdn.digitaloceanspaces.com/1546/71Oak4NegXS._AC_SL1500_.jpg"
"1786134474-10","https://sawa9ly.app/category/5?page=25","1786134474-10","1,550 دج","+ أضف إلى السلة","https://sawaqli.fra1.cdn.digitaloceanspaces.com/24304/Support-3en1.jpg"
"1786134474-11","https://sawa9ly.app/category/5?page=25","1786134474-11","1,500 دج","+ أضف إلى السلة","https://sawaqli.fra1.cdn.digitaloceanspaces.com/24376/Support-Dos.jpg"
"1786134474-12","https://sawa9ly.app/category/5?page=25","1786134474-12","1,400 دج","+ أضف إلى السلة","https://sawaqli.fra1.cdn.digitaloceanspaces.com/1502/Poele-Dessini-Double-Faces-Double-Grill-18.jpg"
"1786134474-13","https://sawa9ly.app/category/5?page=25","1786134474-13","950 دج","+ أضف إلى السلة","https://sawaqli.fra1.cdn.digitaloceanspaces.com/1497/WhatsApp-Image-2023-05-02-at-11.08.55-AM.jpeg"
"1786134474-14","https://sawa9ly.app/category/5?page=25","1786134474-14","800 دج","+ أضف إلى السلة","https://sawaqli.fra1.cdn.digitaloceanspaces.com/1459/Pest-Repeller-cnc.jpg"
"1786134474-15","https://sawa9ly.app/category/5?page=25","1786134474-15","1,200 دج","+ أضف إلى السلة","https://sawaqli.fra1.cdn.digitaloceanspaces.com/1453/regle-multi-angle-4-1.jpg"
"1786134474-16","https://sawa9ly.app/category/5?page=25","1786134474-16","3,700 دج","+ أضف إلى السلة","https://sawaqli.fra1.cdn.digitaloceanspaces.com/1450/TWLI35261-CNC.jpg"
"1786134474-17","https://sawa9ly.app/category/5?page=25","1786134474-17","1,200 دج","+ أضف إلى السلة","https://sawaqli.fra1.cdn.digitaloceanspaces.com/1433/Stylo-de-Massage-m-ridien-Acupuncture-masseur-Tens-nergie-th-rapie-au-Laser-impulsion-Laser-soulagement.jpg_-1.jpg"
"1786134474-18","https://sawa9ly.app/category/5?page=25","1786134474-18","2,250 دج","+ أضف إلى السلة","https://sawaqli.fra1.cdn.digitaloceanspaces.com/1342/S8b8898d5d38348deb73343ef226b7289n.jpg"
"1786134474-19","https://sawa9ly.app/category/5?page=25","1786134474-19","3,200 دج","+ أضف إلى السلة","https://sawaqli.fra1.cdn.digitaloceanspaces.com/1295/120CM×140CM-2-1.jpg"
"1786134474-20","https://sawa9ly.app/category/5?page=25","1786134474-20","4,100 دج","+ أضف إلى السلة","https://sawaqli.fra1.cdn.digitaloceanspaces.com/1258/SAC-A-DOS-LOVE-3-1.jpg"
"1786134468-1","https://sawa9ly.app/category/5?page=24","1786134468-1","1,350 دج","+ أضف إلى السلة","https://sawaqli.fra1.cdn.digitaloceanspaces.com/2004/Suntech-Led-Strip-Backlight-For-TV-SMD-5050-USB-Powered-LED-Strip-Light-Bluetooth-With-App.jpg_Q90.jpg_.jpg"
"1786134468-2","https://sawa9ly.app/category/5?page=24","1786134468-2","5,300 دج","هذا المنتج غير متوفر حاليًا","https://sawa9ly.app/storage/68106/WhatsApp-Image-2026-02-09-at-4.18.30-PM-(2).jpeg"
"1786134468-3","https://sawa9ly.app/category/5?page=24","1786134468-3","1,250 دج","+ أضف إلى السلة","https://sawaqli.fra1.cdn.digitaloceanspaces.com/23706/Projecteur-LED-rotatif-cnc.jpg"
"1786134468-4","https://sawa9ly.app/category/5?page=24","1786134468-4","1,800 دج","+ أضف إلى السلة","https://sawaqli.fra1.cdn.digitaloceanspaces.com/23478/CHROMECAST.jpg"
"1786134468-5","https://sawa9ly.app/category/5?page=24","1786134468-5","2,700 دج","+ أضف إلى السلة","https://sawaqli.fra1.cdn.digitaloceanspaces.com/1900/25L-1.jpg"
"1786134468-6","https://sawa9ly.app/category/5?page=24","1786134468-6","1,950 دج","+ أضف إلى السلة","https://sawaqli.fra1.cdn.digitaloceanspaces.com/23704/FEUX-RGB.jpg"
"1786134468-7","https://sawa9ly.app/category/5?page=24","1786134468-7","2,200 دج","+ أضف إلى السلة","https://sawaqli.fra1.cdn.digitaloceanspaces.com/1881/5e85b21776631a4e9c58d51f9ff712b8.jpg"
"1786134468-8","https://sawa9ly.app/category/5?page=24","1786134468-8","3,900 دج","+ أضف إلى السلة","https://sawaqli.fra1.cdn.digitaloceanspaces.com/1854/WhatsApp-Image-2022-10-30-at-12.30.31-PM.jpeg"
"1786134468-9","https://sawa9ly.app/category/5?page=24","1786134468-9","5,200 دج","+ أضف إلى السلة","https://sawaqli.fra1.cdn.digitaloceanspaces.com/1833/WhatsApp-Image-2022-12-06-at-12.33.34-PM.jpeg"
"1786134468-10","https://sawa9ly.app/category/5?page=24","1786134468-10","3,200 دج","+ أضف إلى السلة","https://sawaqli.fra1.cdn.digitaloceanspaces.com/1821/Untitled-design-30.png"
"1786134468-11","https://sawa9ly.app/category/5?page=24","1786134468-11","1,300 دج","+ أضف إلى السلة","https://sawaqli.fra1.cdn.digitaloceanspaces.com/1813/fc77f7e4a43630a1081d47088ca5c98ee0ed7c10.png"
"1786134468-12","https://sawa9ly.app/category/5?page=24","1786134468-12","1,300 دج","+ أضف إلى السلة","https://sawaqli.fra1.cdn.digitaloceanspaces.com/1773/WhatsApp-Image-2022-11-27-at-12.47.17-PM.jpeg"
"1786134468-13","https://sawa9ly.app/category/5?page=24","1786134468-13","1,350 دج","+ أضف إلى السلة","https://sawaqli.fra1.cdn.digitaloceanspaces.com/1766/WhatsApp-Image-2022-11-27-at-2.08.38-PM-3.jpeg"
"1786134468-14","https://sawa9ly.app/category/5?page=24","1786134468-14","1,100 دج","+ أضف إلى السلة","https://sawaqli.fra1.cdn.digitaloceanspaces.com/24000/masseur-a-main.jpg"
"1786134468-15","https://sawa9ly.app/category/5?page=24","1786134468-15","1,050 دج","+ أضف إلى السلة","https://sawaqli.fra1.cdn.digitaloceanspaces.com/23843/p47-cnc.jpg"
"1786134468-16","https://sawa9ly.app/category/5?page=24","1786134468-16","1,750 دج","+ أضف إلى السلة","https://sawaqli.fra1.cdn.digitaloceanspaces.com/1719/WhatsApp-Image-2022-12-31-at-4.33.10-PM.jpeg"
"1786134468-17","https://sawa9ly.app/category/5?page=24","1786134468-17","1,750 دج","+ أضف إلى السلة","https://sawaqli.fra1.cdn.digitaloceanspaces.com/1713/Poele-Dessini-Double-Faces-Double-Grill-12.jpg"
"1786134468-18","https://sawa9ly.app/category/5?page=24","1786134468-18","2,400 دج","+ أضف إلى السلة","https://sawaqli.fra1.cdn.digitaloceanspaces.com/1691/WhatsApp-Image-2023-02-01-at-1.50.32-PM.jpeg"
"1786134468-19","https://sawa9ly.app/category/5?page=24","1786134468-19","1,750 دج","+ أضف إلى السلة","https://sawaqli.fra1.cdn.digitaloceanspaces.com/1681/38-cm-72.jpg"
"1786134468-20","https://sawa9ly.app/category/5?page=24","1786134468-20","2,385 دج","+ أضف إلى السلة","https://sawaqli.fra1.cdn.digitaloceanspaces.com/1675/WhatsApp-Image-2023-02-05-at-12.16.51-PM.jpeg"
"1786134464-1","https://sawa9ly.app/category/5?page=23","1786134464-1","2,900 دج","+ أضف إلى السلة","https://sawaqli.fra1.cdn.digitaloceanspaces.com/6893/0-23.jpg"
"1786134464-2","https://sawa9ly.app/category/5?page=23","1786134464-2","2,600 دج","+ أضف إلى السلة","https://sawaqli.fra1.cdn.digitaloceanspaces.com/6558/0-11.jpg"
"1786134464-3","https://sawa9ly.app/category/5?page=23","1786134464-3","2,100 دج","+ أضف إلى السلة","https://sawaqli.fra1.cdn.digitaloceanspaces.com/6124/0-31.jpg"
"1786134464-4","https://sawa9ly.app/category/5?page=23","1786134464-4","1,500 دج","+ أضف إلى السلة","https://sawaqli.fra1.cdn.digitaloceanspaces.com/6017/0.jpg"
"1786134464-5","https://sawa9ly.app/category/5?page=23","1786134464-5","1,000 دج","+ أضف إلى السلة","https://sawaqli.fra1.cdn.digitaloceanspaces.com/5994/lampdetect.jpg"
"1786134464-6","https://sawa9ly.app/category/5?page=23","1786134464-6","2,500 دج","+ أضف إلى السلة","https://sawaqli.fra1.cdn.digitaloceanspaces.com/5441/4528915348_2.jpg"
"1786134464-7","https://sawa9ly.app/category/5?page=23","1786134464-7","3,800 دج","+ أضف إلى السلة","https://sawaqli.fra1.cdn.digitaloceanspaces.com/5435/Electric-Head-Massager-Body-Massager-Health-Care-Relax-Shoulder-Neck-Deep-Tissue-Head-Scalp-Massage-Kneading.jpg_-1.jpg"
"1786134464-8","https://sawa9ly.app/category/5?page=23","1786134464-8","3,000 دج","+ أضف إلى السلة","https://sawaqli.fra1.cdn.digitaloceanspaces.com/5384/6-10.jpg"
"1786134464-9","https://sawa9ly.app/category/5?page=23","1786134464-9","11,500 دج","+ أضف إلى السلة","https://sawaqli.fra1.cdn.digitaloceanspaces.com/5349/fgbbbb0.-1.jpg"
"1786134464-10","https://sawa9ly.app/category/5?page=23","1786134464-10","6,200 دج","+ أضف إلى السلة","https://sawaqli.fra1.cdn.digitaloceanspaces.com/22755/MixPro-cnc.jpg"
"1786134464-11","https://sawa9ly.app/category/5?page=23","1786134464-11","1,700 دج","+ أضف إلى السلة","https://sawaqli.fra1.cdn.digitaloceanspaces.com/2154/12PCS-1.png"
"1786134464-12","https://sawa9ly.app/category/5?page=23","1786134464-12","1,500 دج","+ أضف إلى السلة","https://sawaqli.fra1.cdn.digitaloceanspaces.com/2150/s-l1600-2.jpg"
"1786134464-13","https://sawa9ly.app/category/5?page=23","1786134464-13","2,350 دج","+ أضف إلى السلة","https://sawaqli.fra1.cdn.digitaloceanspaces.com/2129/340051337_9068553683216621_4622471083444359987_n.jpg"
"1786134464-14","https://sawa9ly.app/category/5?page=23","1786134464-14","1,700 دج","+ أضف إلى السلة","https://sawaqli.fra1.cdn.digitaloceanspaces.com/2067/81bTmyPpf4L._AC_SL1500_.jpg"
"1786134464-15","https://sawa9ly.app/category/5?page=23","1786134464-15","2,000 دج","+ أضف إلى السلة","https://sawaqli.fra1.cdn.digitaloceanspaces.com/2058/53b3d906-eadf-4210-b843-cad38b981826.ef89b9a5510849d432bad207ed241c10-600x600-1.jpeg"
"1786134464-16","https://sawa9ly.app/category/5?page=23","1786134464-16","950 دج","+ أضف إلى السلة","https://sawa9ly.app/storage/64572/solar-lamp.jpg"
"1786134464-17","https://sawa9ly.app/category/5?page=23","1786134464-17","1,900 دج","+ أضف إلى السلة","https://sawaqli.fra1.cdn.digitaloceanspaces.com/23644/V-comb-cnc.jpg"
"1786134464-18","https://sawa9ly.app/category/5?page=23","1786134464-18","1,200 دج","+ أضف إلى السلة","https://sawaqli.fra1.cdn.digitaloceanspaces.com/23643/lamp-bt.jpg"
"1786134464-19","https://sawa9ly.app/category/5?page=23","1786134464-19","2,500 دج","+ أضف إلى السلة","https://sawaqli.fra1.cdn.digitaloceanspaces.com/2024/WhatsApp-Image-2022-07-27-at-17.46.55-4-1.jpeg"
"1786134464-20","https://sawa9ly.app/category/5?page=23","1786134464-20","8,500 دج","هذا المنتج غير متوفر حاليًا","https://sawa9ly.app/storage/63870/0-(1).jpg"
"1786134458-1","https://sawa9ly.app/category/5?page=22","1786134458-1","800 دج","+ أضف إلى السلة","https://sawaqli.fra1.cdn.digitaloceanspaces.com/10212/jxcskhfdbjgklkdswdsfd5sdq4lkmdj54sdxcx4sfdd5sssed5451f54dfgf2154igw87klfdf45d5457sf21ui.jpg"
"1786134458-2","https://sawa9ly.app/category/5?page=22","1786134458-2","1,700 دج","+ أضف إلى السلة","https://sawaqli.fra1.cdn.digitaloceanspaces.com/10134/MT-AMC140-10.jpg"
"1786134458-3","https://sawa9ly.app/category/5?page=22","1786134458-3","2,550 دج","+ أضف إلى السلة","https://sawaqli.fra1.cdn.digitaloceanspaces.com/10128/xvcbxcvbxcvbv0012154fd5gd5f4.jpg"
"1786134458-4","https://sawa9ly.app/category/5?page=22","1786134458-4","2,400 دج","+ أضف إلى السلة","https://sawaqli.fra1.cdn.digitaloceanspaces.com/9032/adjoua54df154lkjdsdsdffggfd45.jpg"
"1786134458-5","https://sawa9ly.app/category/5?page=22","1786134458-5","1,750 دج","+ أضف إلى السلة","https://sawaqli.fra1.cdn.digitaloceanspaces.com/8666/screen-calnder-CNC-1.jpg"
"1786134458-6","https://sawa9ly.app/category/5?page=22","1786134458-6","2,200 دج","+ أضف إلى السلة","https://sawaqli.fra1.cdn.digitaloceanspaces.com/8559/61jYig3kVJL._AC_UF8941000_QL80_.jpg"
"1786134458-7","https://sawa9ly.app/category/5?page=22","1786134458-7","3,400 دج","+ أضف إلى السلة","https://sawaqli.fra1.cdn.digitaloceanspaces.com/8554/Touret-SDFZEGssmeu1254ds45sdsD4qs57DDK2454dfgdfg1sdzszs45dsfd5c451vn4m1254llFD45dd7544in144d1254d451287dds44554ddd1243123fffd54sfdf87esd45.jpg"
"1786134458-8","https://sawa9ly.app/category/5?page=22","1786134458-8","1,900 دج","+ أضف إلى السلة","https://sawaqli.fra1.cdn.digitaloceanspaces.com/38418/air-mouse-cnc.jpg"
"1786134458-9","https://sawa9ly.app/category/5?page=22","1786134458-9","1,550 دج","+ أضف إلى السلة","https://sawaqli.fra1.cdn.digitaloceanspaces.com/8251/Touret-SDFZEGmeu1254ds45sdsD4qs57DDK245s45d5c451vn4m1254llFD45dd7544in144d1254d451287dds44554ddd1243123fffd54sfdf87esd45.jpg"
"1786134458-10","https://sawa9ly.app/category/5?page=22","1786134458-10","1,800 دج","+ أضف إلى السلة","https://sawaqli.fra1.cdn.digitaloceanspaces.com/8244/photo_2023-03-05_11-35-32.jpg"
"1786134458-11","https://sawa9ly.app/category/5?page=22","1786134458-11","1,600 دج","+ أضف إلى السلة","https://sawaqli.fra1.cdn.digitaloceanspaces.com/8018/Touret-SDFZEGmeu1254ds45sdsDDDK2sd54mllFD45dd44d1254d451287dds44554ddd1243123fffd54sfdf87esd45.jpg"
"1786134458-12","https://sawa9ly.app/category/5?page=22","1786134458-12","1,450 دج","+ أضف إلى السلة","https://sawaqli.fra1.cdn.digitaloceanspaces.com/8015/Touret-SDFZEGmeu1254ds45sdsDDDK2sd54mllFD45dd7in144d1254d451287dds44554ddd1243123fffd54sfdf87esd45.jpg"
"1786134458-13","https://sawa9ly.app/category/5?page=22","1786134458-13","2,150 دج","+ أضف إلى السلة","https://sawaqli.fra1.cdn.digitaloceanspaces.com/7658/0-10.jpg"
"1786134458-14","https://sawa9ly.app/category/5?page=22","1786134458-14","1,800 دج","+ أضف إلى السلة","https://sawaqli.fra1.cdn.digitaloceanspaces.com/7584/Touret-SDFZEGmeu1245DDDle.jpg"
"1786134458-16","https://sawa9ly.app/category/5?page=22","1786134458-16","3,500 دج","+ أضف إلى السلة","https://sawaqli.fra1.cdn.digitaloceanspaces.com/7314/trx41kalavdffdsdgdfgf545raylanfgieviee.jpg"
"1786134458-17","https://sawa9ly.app/category/5?page=22","1786134458-17","3,750 دج","+ أضف إلى السلة","https://sawaqli.fra1.cdn.digitaloceanspaces.com/7142/GM320-Therye-com-infrarouge-pyrom-tre-industriel-odorde-temp-rature-laser-num-rique-58-716-1.jpg"
"1786134458-18","https://sawa9ly.app/category/5?page=22","1786134458-18","4,000 دج","+ أضف إلى السلة","https://sawaqli.fra1.cdn.digitaloceanspaces.com/7092/H8f86ec9a8c82454e83c2013509a49871a.jpg_960x960.jpg"
"1786134458-19","https://sawa9ly.app/category/5?page=22","1786134458-19","4,600 دج","+ أضف إلى السلة","https://sawaqli.fra1.cdn.digitaloceanspaces.com/6969/bvote.jpg"
"1786134458-20","https://sawa9ly.app/category/5?page=22","1786134458-20","3,500 دج","+ أضف إلى السلة","https://sawaqli.fra1.cdn.digitaloceanspaces.com/6925/Projecteur-LED-Galaxy-Star-pour-la-d-coration-de-la-maison-veilleuse-ciel-toil-lampe-d.jpg_.png"
"1786134453-1","https://sawa9ly.app/category/5?page=21","1786134453-1","4,400 دج","+ أضف إلى السلة","https://sawaqli.fra1.cdn.digitaloceanspaces.com/14350/haut-parleurs-Bluetooth-rechargeables-1.jpg"
"1786134453-2","https://sawa9ly.app/category/5?page=21","1786134453-2","950 دج","+ أضف إلى السلة","https://sawaqli.fra1.cdn.digitaloceanspaces.com/14256/WhatsApp-Image-2023-05-02-at-11.08.55-AM.jpeg"
"1786134453-3","https://sawa9ly.app/category/5?page=21","1786134453-3","1,100 دج","+ أضف إلى السلة","https://sawaqli.fra1.cdn.digitaloceanspaces.com/14149/Mini-lampe-de-poche-UV-a-9-ou-21LED.jpg"
"1786134453-4","https://sawa9ly.app/category/5?page=21","1786134453-4","30,000 دج","+ أضف إلى السلة","https://sawaqli.fra1.cdn.digitaloceanspaces.com/13997/borregosmart-1.jpg"
"1786134453-5","https://sawa9ly.app/category/5?page=21","1786134453-5","3,800 دج","+ أضف إلى السلة","https://sawaqli.fra1.cdn.digitaloceanspaces.com/13837/WIFI-INTEGRE.jpg"
"1786134453-6","https://sawa9ly.app/category/5?page=21","1786134453-6","2,800 دج","+ أضف إلى السلة","https://sawaqli.fra1.cdn.digitaloceanspaces.com/13817/teg-34614.jpg"
"1786134453-7","https://sawa9ly.app/category/5?page=21","1786134453-7","2,800 دج","+ أضف إلى السلة","https://sawaqli.fra1.cdn.digitaloceanspaces.com/13573/Chargeur-sans-fil-grande-taille-15W-support-haut-parleur-TF-RGB-veilleuse-horloge-station-de-charge-rapide-pour-iPhone-15-14-Samsung-Xiaomi.jpg"
"1786134453-8","https://sawa9ly.app/category/5?page=21","1786134453-8","1,550 دج","+ أضف إلى السلة","https://sawaqli.fra1.cdn.digitaloceanspaces.com/13455/Multiprise-3-prises-et-Type-C-avec-2-USB-2-m-Blanc-3301U.jpg"
"1786134453-9","https://sawa9ly.app/category/5?page=21","1786134453-9","1,650 دج","+ أضف إلى السلة","https://sawaqli.fra1.cdn.digitaloceanspaces.com/13435/triple-prise2.jpg"
"1786134453-10","https://sawa9ly.app/category/5?page=21","1786134453-10","1,650 دج","+ أضف إلى السلة","https://sawaqli.fra1.cdn.digitaloceanspaces.com/13188/DUNTH-DU-t125-11.jpg"
"1786134453-11","https://sawa9ly.app/category/5?page=21","1786134453-11","1,550 دج","+ أضف إلى السلة","https://sawaqli.fra1.cdn.digitaloceanspaces.com/13169/t-56.jpg"
"1786134453-12","https://sawa9ly.app/category/5?page=21","1786134453-12","1,450 دج","+ أضف إلى السلة","https://sawaqli.fra1.cdn.digitaloceanspaces.com/13012/Casque-Bluetooth-sans-fil-avec-oreilles-de-chat-LED-clignotantes-couteurs-de-musique-st-r-o.png"
"1786134453-13","https://sawa9ly.app/category/5?page=21","1786134453-13","3,500 دج","+ أضف إلى السلة","https://sawaqli.fra1.cdn.digitaloceanspaces.com/12910/RGB-LED-G3.png"
"1786134453-14","https://sawa9ly.app/category/5?page=21","1786134453-14","4,000 دج","+ أضف إلى السلة","https://sawaqli.fra1.cdn.digitaloceanspaces.com/12224/Extracteur-de-jus-02154.jpg"
"1786134453-15","https://sawa9ly.app/category/5?page=21","1786134453-15","800 دج","+ أضف إلى السلة","https://sawaqli.fra1.cdn.digitaloceanspaces.com/12008/Boule-magique-de-cristal-54wx.jpg"
"1786134453-16","https://sawa9ly.app/category/5?page=21","1786134453-16","3,800 دج","+ أضف إلى السلة","https://sawaqli.fra1.cdn.digitaloceanspaces.com/11716/a459b19ebd0f3062599d4e495731ea8e.png"
"1786134453-17","https://sawa9ly.app/category/5?page=21","1786134453-17","1,150 دج","+ أضف إلى السلة","https://sawaqli.fra1.cdn.digitaloceanspaces.com/11405/b5af560facff351104d0446225f2069b-1.png"
"1786134453-18","https://sawa9ly.app/category/5?page=21","1786134453-18","3,300 دج","+ أضف إلى السلة","https://sawaqli.fra1.cdn.digitaloceanspaces.com/10706/51ed7df2fb596540caa0451cbe721243.jpg"
"1786134453-19","https://sawa9ly.app/category/5?page=21","1786134453-19","2,400 دج","+ أضف إلى السلة","https://sawaqli.fra1.cdn.digitaloceanspaces.com/10700/84Q5S4D2QSD23QS64D54ff65sdfsQS4D.jpg"
"1786134453-20","https://sawa9ly.app/category/5?page=21","1786134453-20","1,600 دج","+ أضف إلى السلة","https://sawaqli.fra1.cdn.digitaloceanspaces.com/10278/onepeidssfgdfdssdsdc54e02sd1.jpg"
"1786134447-1","https://sawa9ly.app/category/5?page=20","1786134447-1","4,250 دج","+ أضف إلى السلة","https://sawaqli.fra1.cdn.digitaloceanspaces.com/16288/J101B-1.jpg"
"1786134447-2","https://sawa9ly.app/category/5?page=20","1786134447-2","1,600 دج","+ أضف إلى السلة","https://sawaqli.fra1.cdn.digitaloceanspaces.com/15691/Eliminateur-de-peluches-1.jpg"
"1786134447-3","https://sawa9ly.app/category/5?page=20","1786134447-3","2,300 دج","+ أضف إلى السلة","https://sawaqli.fra1.cdn.digitaloceanspaces.com/23992/DU-SP126-1.jpg"
"1786134447-4","https://sawa9ly.app/category/5?page=20","1786134447-4","2,200 دج","+ أضف إلى السلة","https://sawaqli.fra1.cdn.digitaloceanspaces.com/15137/dunth-1.jpg"
"1786134447-6","https://sawa9ly.app/category/5?page=20","1786134447-6","1,950 دج","+ أضف إلى السلة","https://sawaqli.fra1.cdn.digitaloceanspaces.com/15089/Dunth-B210.jpg"
"1786134447-7","https://sawa9ly.app/category/5?page=20","1786134447-7","2,300 دج","+ أضف إلى السلة","https://sawaqli.fra1.cdn.digitaloceanspaces.com/15083/Projecteur-LED-Galaxy-Star-547d.jpg"
"1786134447-8","https://sawa9ly.app/category/5?page=20","1786134447-8","12,000 دج","+ أضف إلى السلة","https://sawaqli.fra1.cdn.digitaloceanspaces.com/15078/Al-Harameen-214547.jpg"
"1786134447-9","https://sawa9ly.app/category/5?page=20","1786134447-9","2,450 دج","+ أضف إلى السلة","https://sawaqli.fra1.cdn.digitaloceanspaces.com/15074/Dunth.jpg"
"1786134447-10","https://sawa9ly.app/category/5?page=20","1786134447-10","2,400 دج","+ أضف إلى السلة","https://sawaqli.fra1.cdn.digitaloceanspaces.com/15002/Main-Image.jpg"
"1786134447-11","https://sawa9ly.app/category/5?page=20","1786134447-11","2,150 دج","+ أضف إلى السلة","https://sawaqli.fra1.cdn.digitaloceanspaces.com/14995/faste-cherge21sd54f21-1.jpg"
"1786134447-12","https://sawa9ly.app/category/5?page=20","1786134447-12","2,400 دج","+ أضف إلى السلة","https://sawaqli.fra1.cdn.digitaloceanspaces.com/14993/Main-DU-T152.jpg"
"1786134447-13","https://sawa9ly.app/category/5?page=20","1786134447-13","2,500 دج","+ أضف إلى السلة","https://sawaqli.fra1.cdn.digitaloceanspaces.com/14773/Main-Laser-lightning.jpg"
"1786134447-14","https://sawa9ly.app/category/5?page=20","1786134447-14","4,900 دج","+ أضف إلى السلة","https://sawaqli.fra1.cdn.digitaloceanspaces.com/14682/Balance-Numerique-GT-Postale-DT580-de-30kg1g.jpg"
"1786134447-16","https://sawa9ly.app/category/5?page=20","1786134447-16","1,300 دج","+ أضف إلى السلة","https://sawaqli.fra1.cdn.digitaloceanspaces.com/14666/chauffe-main21478.jpg"
"1786134447-17","https://sawa9ly.app/category/5?page=20","1786134447-17","4,000 دج","+ أضف إلى السلة","https://sawaqli.fra1.cdn.digitaloceanspaces.com/14530/anker-r50i.jpg"
"1786134447-18","https://sawa9ly.app/category/5?page=20","1786134447-18","2,950 دج","+ أضف إلى السلة","https://sawaqli.fra1.cdn.digitaloceanspaces.com/14447/ampoule-led-crystal-1.jpg"
"1786134447-19","https://sawa9ly.app/category/5?page=20","1786134447-19","1,050 دج","+ أضف إلى السلة","https://sawaqli.fra1.cdn.digitaloceanspaces.com/14396/dsf21wxcwxc47ss.jpg"
"1786134447-20","https://sawa9ly.app/category/5?page=20","1786134447-20","2,900 دج","+ أضف إلى السلة","https://sawaqli.fra1.cdn.digitaloceanspaces.com/14382/Projecteur-de-ciel-etoile215487.jpg"
"1786134443-1","https://sawa9ly.app/category/5?page=19","1786134443-1","4,500 دج","+ أضف إلى السلة","https://sawaqli.fra1.cdn.digitaloceanspaces.com/18590/Untitled-1-1.jpg"
"1786134443-2","https://sawa9ly.app/category/5?page=19","1786134443-2","3,750 دج","+ أضف إلى السلة","https://sawaqli.fra1.cdn.digitaloceanspaces.com/18569/TALL.jpg"
"1786134443-3","https://sawa9ly.app/category/5?page=19","1786134443-3","1,450 دج","+ أضف إلى السلة","https://sawaqli.fra1.cdn.digitaloceanspaces.com/18454/6902430855554_1.png"
"1786134443-4","https://sawa9ly.app/category/5?page=19","1786134443-4","3,100 دج","+ أضف إلى السلة","https://sawaqli.fra1.cdn.digitaloceanspaces.com/18339/Masseur-LuazON-LMZ-046-chauffage-IR.jpg"
"1786134443-5","https://sawa9ly.app/category/5?page=19","1786134443-5","3,100 دج","+ أضف إلى السلة","https://sawaqli.fra1.cdn.digitaloceanspaces.com/18312/300M-Wifi-routeur-sans-fil-1.jpg"
"1786134443-7","https://sawa9ly.app/category/5?page=19","1786134443-7","4,400 دج","+ أضف إلى السلة","https://sawaqli.fra1.cdn.digitaloceanspaces.com/18283/DU-SP080.jpg"
"1786134443-8","https://sawa9ly.app/category/5?page=19","1786134443-8","4,900 دج","+ أضف إلى السلة","https://sawaqli.fra1.cdn.digitaloceanspaces.com/18275/DU-SP079.jpg"
"1786134443-9","https://sawa9ly.app/category/5?page=19","1786134443-9","4,400 دج","+ أضف إلى السلة","https://sawaqli.fra1.cdn.digitaloceanspaces.com/18272/DU-SP078.jpg"
"1786134443-10","https://sawa9ly.app/category/5?page=19","1786134443-10","10,900 دج","+ أضف إلى السلة","https://sawaqli.fra1.cdn.digitaloceanspaces.com/18118/Sony-WH-CH510.jpg"
"1786134443-11","https://sawa9ly.app/category/5?page=19","1786134443-11","3,100 دج","+ أضف إلى السلة","https://sawaqli.fra1.cdn.digitaloceanspaces.com/18093/bagage-de-voyassqsqge.jpg"
"1786134443-12","https://sawa9ly.app/category/5?page=19","1786134443-12","3,400 دج","+ أضف إلى السلة","https://sawaqli.fra1.cdn.digitaloceanspaces.com/17550/modem54sdf87.jpg"
"1786134443-13","https://sawa9ly.app/category/5?page=19","1786134443-13","4,800 دج","+ أضف إلى السلة","https://sawaqli.fra1.cdn.digitaloceanspaces.com/17536/1200mAh-1.jpg"
"1786134443-14","https://sawa9ly.app/category/5?page=19","1786134443-14","8,900 دج","+ أضف إلى السلة","https://sawaqli.fra1.cdn.digitaloceanspaces.com/17406/S2ce6152ba5e74767a7474cbde61a786eA.jpg"
"1786134443-15","https://sawa9ly.app/category/5?page=19","1786134443-15","3,000 دج","+ أضف إلى السلة","https://sawaqli.fra1.cdn.digitaloceanspaces.com/17328/landing-volcano.jpg"
"1786134443-16","https://sawa9ly.app/category/5?page=19","1786134443-16","3,050 دج","+ أضف إلى السلة","https://sawaqli.fra1.cdn.digitaloceanspaces.com/17130/Lampe-de-coucher-de-soleil-dastronaute-romantique-humidificateur-dair-sans-fil-diffuseur-deau-a-batterie-Rechargeable-par-USB-de-1200mAh-3.jpg"
"1786134443-17","https://sawa9ly.app/category/5?page=19","1786134443-17","2,800 دج","+ أضف إلى السلة","https://sawaqli.fra1.cdn.digitaloceanspaces.com/16972/galaxy-V3.jpg"
"1786134443-18","https://sawa9ly.app/category/5?page=19","1786134443-18","3,000 دج","+ أضف إلى السلة","https://sawaqli.fra1.cdn.digitaloceanspaces.com/16805/Astronaute-v3-8.jpg"
"1786134443-19","https://sawa9ly.app/category/5?page=19","1786134443-19","2,300 دج","+ أضف إلى السلة","https://sawaqli.fra1.cdn.digitaloceanspaces.com/16592/2.jpg"
"1786134443-20","https://sawa9ly.app/category/5?page=19","1786134443-20","2,000 دج","+ أضف إلى السلة","https://sawaqli.fra1.cdn.digitaloceanspaces.com/16418/Casque-chat-1.jpg"
"1786134438-1","https://sawa9ly.app/category/5?page=18","1786134438-1","1,300 دج","+ أضف إلى السلة","https://sawaqli.fra1.cdn.digitaloceanspaces.com/19718/couv-7.jpg"
"1786134438-2","https://sawa9ly.app/category/5?page=18","1786134438-2","2,200 دج","+ أضف إلى السلة","https://sawaqli.fra1.cdn.digitaloceanspaces.com/19700/71273-2.jpg"
"1786134438-5","https://sawa9ly.app/category/5?page=18","1786134438-5","1,500 دج","+ أضف إلى السلة","https://sawaqli.fra1.cdn.digitaloceanspaces.com/19246/Chargeur-des-piles-rechargable-avec-4-piles-2.jpg"
"1786134438-6","https://sawa9ly.app/category/5?page=18","1786134438-6","2,600 دج","+ أضف إلى السلة","https://sawaqli.fra1.cdn.digitaloceanspaces.com/19030/Untitled-1-8.jpg"
"1786134438-7","https://sawa9ly.app/category/5?page=18","1786134438-7","2,050 دج","+ أضف إلى السلة","https://sawaqli.fra1.cdn.digitaloceanspaces.com/19026/PP.jpg"
"1786134438-8","https://sawa9ly.app/category/5?page=18","1786134438-8","2,600 دج","+ أضف إلى السلة","https://sawaqli.fra1.cdn.digitaloceanspaces.com/19020/Untitled-1-9.jpg"
"1786134438-9","https://sawa9ly.app/category/5?page=18","1786134438-9","2,750 دج","+ أضف إلى السلة","https://sawaqli.fra1.cdn.digitaloceanspaces.com/18995/23.jpg"
"1786134438-10","https://sawa9ly.app/category/5?page=18","1786134438-10","2,700 دج","+ أضف إلى السلة","https://sawaqli.fra1.cdn.digitaloceanspaces.com/18992/Untitled-1-13.jpg"
"1786134438-11","https://sawa9ly.app/category/5?page=18","1786134438-11","3,250 دج","+ أضف إلى السلة","https://sawaqli.fra1.cdn.digitaloceanspaces.com/18988/81z-oRP3LL._AC_SX466_.jpg"
"1786134438-12","https://sawa9ly.app/category/5?page=18","1786134438-12","3,200 دج","+ أضف إلى السلة","https://sawaqli.fra1.cdn.digitaloceanspaces.com/18984/Untitled-2-4.jpg"
"1786134438-13","https://sawa9ly.app/category/5?page=18","1786134438-13","4,450 دج","+ أضف إلى السلة","https://sawaqli.fra1.cdn.digitaloceanspaces.com/18979/Untitled-1-14.jpg"
"1786134438-14","https://sawa9ly.app/category/5?page=18","1786134438-14","2,950 دج","+ أضف إلى السلة","https://sawaqli.fra1.cdn.digitaloceanspaces.com/18971/65.jpg"
"1786134438-15","https://sawa9ly.app/category/5?page=18","1786134438-15","5,200 دج","+ أضف إلى السلة","https://sawaqli.fra1.cdn.digitaloceanspaces.com/34212/Shoes-Dryer-cnc.jpg"
"1786134438-16","https://sawa9ly.app/category/5?page=18","1786134438-16","2,950 دج","+ أضف إلى السلة","https://sawaqli.fra1.cdn.digitaloceanspaces.com/18642/Untitled-1-6.jpg"
"1786134438-17","https://sawa9ly.app/category/5?page=18","1786134438-17","2,700 دج","+ أضف إلى السلة","https://sawaqli.fra1.cdn.digitaloceanspaces.com/18635/Untitled-1-8.jpg"
"1786134438-18","https://sawa9ly.app/category/5?page=18","1786134438-18","2,450 دج","+ أضف إلى السلة","https://sawaqli.fra1.cdn.digitaloceanspaces.com/18633/Untitled-1-9.jpg"
"1786134438-19","https://sawa9ly.app/category/5?page=18","1786134438-19","2,700 دج","+ أضف إلى السلة","https://sawaqli.fra1.cdn.digitaloceanspaces.com/18631/Untitled-1-10.jpg"
"1786134438-20","https://sawa9ly.app/category/5?page=18","1786134438-20","3,400 دج","+ أضف إلى السلة","https://sawaqli.fra1.cdn.digitaloceanspaces.com/44523/Wireless-Double-Mic-cnc.jpg"
"1786134434-1","https://sawa9ly.app/category/5?page=17","1786134434-1","6,500 دج","+ أضف إلى السلة","https://sawaqli.fra1.cdn.digitaloceanspaces.com/26953/HP-Colore-cnc.jpg"
"1786134434-2","https://sawa9ly.app/category/5?page=17","1786134434-2","950 دج","+ أضف إلى السلة","https://sawaqli.fra1.cdn.digitaloceanspaces.com/26921/MP3-CS10-CNC.jpg"
"1786134434-3","https://sawa9ly.app/category/5?page=17","1786134434-3","1,400 دج","+ أضف إلى السلة","https://sawaqli.fra1.cdn.digitaloceanspaces.com/26794/LL-121-cnc.jpg"
"1786134434-5","https://sawa9ly.app/category/5?page=17","1786134434-5","2,350 دج","+ أضف إلى السلة","https://sawaqli.fra1.cdn.digitaloceanspaces.com/26000/Blander-jus-250ml-cnc.jpg"
"1786134434-7","https://sawa9ly.app/category/5?page=17","1786134434-7","2,350 دج","+ أضف إلى السلة","https://sawaqli.fra1.cdn.digitaloceanspaces.com/25014/Octagon-Projector-cnc.jpg"
"1786134434-8","https://sawa9ly.app/category/5?page=17","1786134434-8","3,400 دج","+ أضف إلى السلة","https://sawaqli.fra1.cdn.digitaloceanspaces.com/24080/Baff-BT-cnc.jpg"
"1786134434-9","https://sawa9ly.app/category/5?page=17","1786134434-9","2,000 دج","+ أضف إلى السلة","https://sawaqli.fra1.cdn.digitaloceanspaces.com/24018/SY-Moon-cnc.jpg"
"1786134434-11","https://sawa9ly.app/category/5?page=17","1786134434-11","1,500 دج","+ أضف إلى السلة","https://sawaqli.fra1.cdn.digitaloceanspaces.com/23920/Water-dispenser-5.jpg"
"1786134434-12","https://sawa9ly.app/category/5?page=17","1786134434-12","2,250 دج","+ أضف إلى السلة","https://sawaqli.fra1.cdn.digitaloceanspaces.com/23894/CTR-cnc.jpg"
"1786134434-13","https://sawa9ly.app/category/5?page=17","1786134434-13","2,200 دج","+ أضف إلى السلة","https://sawaqli.fra1.cdn.digitaloceanspaces.com/23824/Colorful-fan-CNC2.jpg"
"1786134434-14","https://sawa9ly.app/category/5?page=17","1786134434-14","1,800 دج","+ أضف إلى السلة","https://sawaqli.fra1.cdn.digitaloceanspaces.com/23680/horloge-ds-3621l-2-cnc.webp"
"1786134434-15","https://sawa9ly.app/category/5?page=17","1786134434-15","1,750 دج","+ أضف إلى السلة","https://sawaqli.fra1.cdn.digitaloceanspaces.com/22261/Casque-YX-213-2.jpg"
"1786134434-16","https://sawa9ly.app/category/5?page=17","1786134434-16","1,350 دج","+ أضف إلى السلة","https://sawaqli.fra1.cdn.digitaloceanspaces.com/22136/SL-06-CNC.jpg"
"1786134434-18","https://sawa9ly.app/category/5?page=17","1786134434-18","4,500 دج","+ أضف إلى السلة","https://sawaqli.fra1.cdn.digitaloceanspaces.com/20809/Tesla-BOX-CNC.jpg"
"1786134434-19","https://sawa9ly.app/category/5?page=17","1786134434-19","5,300 دج","+ أضف إلى السلة","https://sawaqli.fra1.cdn.digitaloceanspaces.com/20072/couv-45.jpg"
"1786134434-20","https://sawa9ly.app/category/5?page=17","1786134434-20","650 دج","+ أضف إلى السلة","https://sawaqli.fra1.cdn.digitaloceanspaces.com/20023/4-1-3.jpg"
"1786134429-1","https://sawa9ly.app/category/5?page=16","1786134429-1","2,700 دج","+ أضف إلى السلة","https://sawaqli.fra1.cdn.digitaloceanspaces.com/29187/Desk-lamp-cnc.jpg"
"1786134429-2","https://sawa9ly.app/category/5?page=16","1786134429-2","3,800 دج","+ أضف إلى السلة","https://sawaqli.fra1.cdn.digitaloceanspaces.com/28722/Lamp-desk-8.jpg"
"1786134429-3","https://sawa9ly.app/category/5?page=16","1786134429-3","850 دج","+ أضف إلى السلة","https://sawaqli.fra1.cdn.digitaloceanspaces.com/28714/Mini-boule-Crystale-cnc.jpg"
"1786134429-4","https://sawa9ly.app/category/5?page=16","1786134429-4","3,450 دج","+ أضف إلى السلة","https://sawaqli.fra1.cdn.digitaloceanspaces.com/28613/Muduse-Lamp-Carre-cnc.jpg"
"1786134429-5","https://sawa9ly.app/category/5?page=16","1786134429-5","5,800 دج","+ أضف إلى السلة","https://sawaqli.fra1.cdn.digitaloceanspaces.com/28417/Wirless-charger-4en1-cnc-(1).jpg"
"1786134429-6","https://sawa9ly.app/category/5?page=16","1786134429-6","5,000 دج","+ أضف إلى السلة","https://sawaqli.fra1.cdn.digitaloceanspaces.com/28416/Wirless-charger-5en1-cnc.jpg"
"1786134429-7","https://sawa9ly.app/category/5?page=16","1786134429-7","6,600 دج","+ أضف إلى السلة","https://sawaqli.fra1.cdn.digitaloceanspaces.com/28406/Wirless-charger-7en1-cnc.jpg"
"1786134429-8","https://sawa9ly.app/category/5?page=16","1786134429-8","6,600 دج","+ أضف إلى السلة","https://sawaqli.fra1.cdn.digitaloceanspaces.com/28310/Jmary-MW-15-cnc.jpg"
"1786134429-9","https://sawa9ly.app/category/5?page=16","1786134429-9","3,100 دج","+ أضف إلى السلة","https://sawaqli.fra1.cdn.digitaloceanspaces.com/28219/Harameen-cnc.jpg"
"1786134429-10","https://sawa9ly.app/category/5?page=16","1786134429-10","18,000 دج","+ أضف إلى السلة","https://sawaqli.fra1.cdn.digitaloceanspaces.com/28067/Fororo-Pet-cnc.jpg"
"1786134429-11","https://sawa9ly.app/category/5?page=16","1786134429-11","5,000 دج","+ أضف إلى السلة","https://sawaqli.fra1.cdn.digitaloceanspaces.com/28056/Nebula-V2-cnc.jpg"
"1786134429-12","https://sawa9ly.app/category/5?page=16","1786134429-12","4,500 دج","+ أضف إلى السلة","https://sawaqli.fra1.cdn.digitaloceanspaces.com/27818/Nebula-projector-cnc.jpg"
"1786134429-13","https://sawa9ly.app/category/5?page=16","1786134429-13","3,400 دج","+ أضف إلى السلة","https://sawaqli.fra1.cdn.digitaloceanspaces.com/27762/Dragon-egg-cnc.jpg"
"1786134429-14","https://sawa9ly.app/category/5?page=16","1786134429-14","1,650 دج","+ أضف إلى السلة","https://sawaqli.fra1.cdn.digitaloceanspaces.com/27726/JF-T134-CNC.jpg"
"1786134429-15","https://sawa9ly.app/category/5?page=16","1786134429-15","5,200 دج","هذا المنتج غير متوفر حاليًا","https://sawa9ly.app/storage/61808/Mag-Wall-Light-cncpack.jpg"
"1786134429-16","https://sawa9ly.app/category/5?page=16","1786134429-16","1,400 دج","+ أضف إلى السلة","https://sawaqli.fra1.cdn.digitaloceanspaces.com/27275/BK888-2-cnc.jpg"
"1786134429-17","https://sawa9ly.app/category/5?page=16","1786134429-17","1,700 دج","+ أضف إلى السلة","https://sawaqli.fra1.cdn.digitaloceanspaces.com/27270/BK888-3-cnc.jpg"
"1786134429-18","https://sawa9ly.app/category/5?page=16","1786134429-18","2,000 دج","+ أضف إلى السلة","https://sawaqli.fra1.cdn.digitaloceanspaces.com/27244/Conch-Speaker-cnc.jpg"
"1786134429-19","https://sawa9ly.app/category/5?page=16","1786134429-19","1,050 دج","+ أضف إلى السلة","https://sawaqli.fra1.cdn.digitaloceanspaces.com/27232/Data-cable-SET-CNC.jpg"
"1786134429-20","https://sawa9ly.app/category/5?page=16","1786134429-20","1,800 دج","+ أضف إلى السلة","https://sawaqli.fra1.cdn.digitaloceanspaces.com/27229/Bright-Flash-1.jpg"
"1786186892-1","https://sawa9ly.app/category/12?page=10","1786186892-1","1,550 دج","+ أضف إلى السلة","https://sawaqli.fra1.cdn.digitaloceanspaces.com/550/bestway-3546574.jpg"
"1786186892-2","https://sawa9ly.app/category/12?page=10","1786186892-2","4,800 دج","+ أضف إلى السلة","https://sawaqli.fra1.cdn.digitaloceanspaces.com/532/bo1ue12123-1.jpg"
"1786186892-3","https://sawa9ly.app/category/12?page=10","1786186892-3","9,500 دج","+ أضف إلى السلة","https://sawaqli.fra1.cdn.digitaloceanspaces.com/525/RTIC.png"
"1786186892-4","https://sawa9ly.app/category/12?page=10","1786186892-4","1,500 دج","+ أضف إلى السلة","https://sawaqli.fra1.cdn.digitaloceanspaces.com/27464/T6-28-6.jpg"
"1786186885-1","https://sawa9ly.app/category/12?page=9","1786186885-1","6,800 دج","+ أضف إلى السلة","https://sawaqli.fra1.cdn.digitaloceanspaces.com/882/HTB1EA6DKb1YBuNjSszhq6AUsFXaj.jpg"
"1786186885-2","https://sawa9ly.app/category/12?page=9","1786186885-2","1,500 دج","+ أضف إلى السلة","https://sawaqli.fra1.cdn.digitaloceanspaces.com/15209/1-5.jpg"
"1786186885-3","https://sawa9ly.app/category/12?page=9","1786186885-3","900 دج","+ أضف إلى السلة","https://sawaqli.fra1.cdn.digitaloceanspaces.com/831/WhatsApp-Image-2022-11-10-at-4.03.17-PM.jpeg"
"1786186885-4","https://sawa9ly.app/category/12?page=9","1786186885-4","1,700 دج","+ أضف إلى السلة","https://sawaqli.fra1.cdn.digitaloceanspaces.com/817/WhatsApp-Image-2023-01-29-at-11.00.23-AM.jpeg"
"1786186885-5","https://sawa9ly.app/category/12?page=9","1786186885-5","4,600 دج","+ أضف إلى السلة","https://sawaqli.fra1.cdn.digitaloceanspaces.com/811/38-cm-61.jpg"
"1786186885-6","https://sawa9ly.app/category/12?page=9","1786186885-6","11,000 دج","+ أضف إلى السلة","https://sawaqli.fra1.cdn.digitaloceanspaces.com/796/Bestway-68086_01-2.jpg"
"1786186885-7","https://sawa9ly.app/category/12?page=9","1786186885-7","2,100 دج","+ أضف إلى السلة","https://sawaqli.fra1.cdn.digitaloceanspaces.com/787/2e753198f68a37fa5eadaeef37cd331e.jpg"
"1786186885-8","https://sawa9ly.app/category/12?page=9","1786186885-8","8,000 دج","+ أضف إلى السلة","https://sawaqli.fra1.cdn.digitaloceanspaces.com/771/sac-a-dos-militaire-65l-704_2000x.jpg"
"1786186885-9","https://sawa9ly.app/category/12?page=9","1786186885-9","1,250 دج","+ أضف إلى السلة","https://sawaqli.fra1.cdn.digitaloceanspaces.com/748/1-3.jpg"
"1786186885-10","https://sawa9ly.app/category/12?page=9","1786186885-10","5,800 دج","+ أضف إلى السلة","https://sawaqli.fra1.cdn.digitaloceanspaces.com/740/Bestway-67224-17.jpg"
"1786186885-11","https://sawa9ly.app/category/12?page=9","1786186885-11","5,800 دج","هذا المنتج غير متوفر حاليًا","https://sawaqli.fra1.cdn.digitaloceanspaces.com/712/chaise-pliable-1.jpg"
"1786186885-12","https://sawa9ly.app/category/12?page=9","1786186885-12","3,450 دج","+ أضف إلى السلة","https://sawaqli.fra1.cdn.digitaloceanspaces.com/706/25L-3.jpg"
"1786186885-13","https://sawa9ly.app/category/12?page=9","1786186885-13","33,000 دج","+ أضف إلى السلة","https://sawaqli.fra1.cdn.digitaloceanspaces.com/700/Untitled-design.png"
"1786186885-14","https://sawa9ly.app/category/12?page=9","1786186885-14","7,600 دج","+ أضف إلى السلة","https://sawaqli.fra1.cdn.digitaloceanspaces.com/681/67617-CNC.jpg"
"1786186885-15","https://sawa9ly.app/category/12?page=9","1786186885-15","58,000 دج","+ أضف إلى السلة","https://sawaqli.fra1.cdn.digitaloceanspaces.com/670/65336-CNC.jpg"
"1786186885-16","https://sawa9ly.app/category/12?page=9","1786186885-16","65,000 دج","+ أضف إلى السلة","https://sawaqli.fra1.cdn.digitaloceanspaces.com/662/65340-CNC.jpg"
"1786186885-17","https://sawa9ly.app/category/12?page=9","1786186885-17","65,000 دج","+ أضف إلى السلة","https://sawaqli.fra1.cdn.digitaloceanspaces.com/656/65342-CNC.jpg"
"1786186885-18","https://sawa9ly.app/category/12?page=9","1786186885-18","1,400 دج","+ أضف إلى السلة","https://sawaqli.fra1.cdn.digitaloceanspaces.com/614/lampesolar-2.jpg"
"1786186885-19","https://sawa9ly.app/category/12?page=9","1786186885-19","7,100 دج","+ أضف إلى السلة","https://sawaqli.fra1.cdn.digitaloceanspaces.com/608/lampesolar-3.jpg"
"1786186885-20","https://sawa9ly.app/category/12?page=9","1786186885-20","62,000 دج","+ أضف إلى السلة","https://sawaqli.fra1.cdn.digitaloceanspaces.com/590/65118-CNC.jpg"
"1786186879-1","https://sawa9ly.app/category/12?page=8","1786186879-1","2,700 دج","+ أضف إلى السلة","https://sawaqli.fra1.cdn.digitaloceanspaces.com/18157/Lampe-anti-moustiquesuv25547s41.jpg"
"1786186879-2","https://sawa9ly.app/category/12?page=8","1786186879-2","1,100 دج","+ أضف إلى السلة","https://sawaqli.fra1.cdn.digitaloceanspaces.com/60921/pelle.jpeg"
"1786186879-3","https://sawa9ly.app/category/12?page=8","1786186879-3","1,000 دج","+ أضف إلى السلة","https://sawaqli.fra1.cdn.digitaloceanspaces.com/18057/df2f76b5-beda-4993-a413-32f05383ffbb.png"
"1786186879-4","https://sawa9ly.app/category/12?page=8","1786186879-4","1,400 دج","+ أضف إلى السلة","https://sawaqli.fra1.cdn.digitaloceanspaces.com/17461/Main-Image-pelle-1.jpg"
"1786186879-5","https://sawa9ly.app/category/12?page=8","1786186879-5","1,650 دج","+ أضف إلى السلة","https://sawaqli.fra1.cdn.digitaloceanspaces.com/15443/Main-desktop-lamp.jpg"
"1786186879-6","https://sawa9ly.app/category/12?page=8","1786186879-6","3,200 دج","+ أضف إلى السلة","https://sawaqli.fra1.cdn.digitaloceanspaces.com/15438/1700732844943-c8b3d2e8ccc54d5c902f9d8fc2d162dd-goods.png"
"1786186879-7","https://sawa9ly.app/category/12?page=8","1786186879-7","1,000 دج","+ أضف إلى السلة","https://sawaqli.fra1.cdn.digitaloceanspaces.com/15306/Mini-lampe-main-1.jpg"
"1786186879-8","https://sawa9ly.app/category/12?page=8","1786186879-8","1,350 دج","+ أضف إلى السلة","https://sawaqli.fra1.cdn.digitaloceanspaces.com/14633/LED.jpg_960x960.png"
"1786186879-9","https://sawa9ly.app/category/12?page=8","1786186879-9","5,100 دج","+ أضف إلى السلة","https://sawaqli.fra1.cdn.digitaloceanspaces.com/14376/Repulsif-a-energie-solaire-pour-animaux1.jpg"
"1786186879-10","https://sawa9ly.app/category/12?page=8","1786186879-10","2,000 دج","+ أضف إلى السلة","https://sawaqli.fra1.cdn.digitaloceanspaces.com/13496/waterprof-bag54.jpg"
"1786186879-11","https://sawa9ly.app/category/12?page=8","1786186879-11","1,750 دج","+ أضف إلى السلة","https://sawaqli.fra1.cdn.digitaloceanspaces.com/13413/crown-type-juicer2154-1.jpg"
"1786186879-14","https://sawa9ly.app/category/12?page=8","1786186879-14","1,250 دج","+ أضف إلى السلة","https://sawaqli.fra1.cdn.digitaloceanspaces.com/9440/D_NQ_NP_2X_824077-MLC50069005982_052022-F.png"
"1786186879-15","https://sawa9ly.app/category/12?page=8","1786186879-15","1,805 دج","+ أضف إلى السلة","https://sawaqli.fra1.cdn.digitaloceanspaces.com/9184/BEETRO-LA294-CNC-600x600-1.jpg"
"1786186879-16","https://sawa9ly.app/category/12?page=8","1786186879-16","850 دج","+ أضف إلى السلة","https://sawaqli.fra1.cdn.digitaloceanspaces.com/7560/Touret-SDFZEGmeule-1.jpg"
"1786186879-17","https://sawa9ly.app/category/12?page=8","1786186879-17","1,500 دج","+ أضف إلى السلة","https://sawaqli.fra1.cdn.digitaloceanspaces.com/5881/kljmùpjkoù.webp"
"1786186879-18","https://sawa9ly.app/category/12?page=8","1786186879-18","4,400 دج","+ أضف إلى السلة","https://sawaqli.fra1.cdn.digitaloceanspaces.com/5314/25L-16.jpg"
"1786186879-19","https://sawa9ly.app/category/12?page=8","1786186879-19","1,200 دج","+ أضف إلى السلة","https://sawaqli.fra1.cdn.digitaloceanspaces.com/916/8PCS-3.jpg"
"1786186879-20","https://sawa9ly.app/category/12?page=8","1786186879-20","2,050 دج","+ أضف إلى السلة","https://sawaqli.fra1.cdn.digitaloceanspaces.com/24305/Gaz-Stove-cnc.jpg"
"1786186873-1","https://sawa9ly.app/category/12?page=7","1786186873-1","3,400 دج","+ أضف إلى السلة","https://sawaqli.fra1.cdn.digitaloceanspaces.com/28676/Rechaud-V2-CNC.jpg"
"1786186873-2","https://sawa9ly.app/category/12?page=7","1786186873-2","2,350 دج","+ أضف إلى السلة","https://sawaqli.fra1.cdn.digitaloceanspaces.com/28325/CH-23039-CNC.jpg"
"1786186873-3","https://sawa9ly.app/category/12?page=7","1786186873-3","4,300 دج","هذا المنتج غير متوفر حاليًا","https://sawa9ly.app/storage/72522/ChatGPT-Image-9-mai-2026,-14_27_14.png"
"1786186873-4","https://sawa9ly.app/category/12?page=7","1786186873-4","1,300 دج","+ أضف إلى السلة","https://sawaqli.fra1.cdn.digitaloceanspaces.com/22538/Lampe-5modes-cnc-1.jpg"
"1786186873-5","https://sawa9ly.app/category/12?page=7","1786186873-5","2,050 دج","+ أضف إلى السلة","https://sawaqli.fra1.cdn.digitaloceanspaces.com/22517/String-Light-cnc.jpg"
"1786186873-6","https://sawa9ly.app/category/12?page=7","1786186873-6","1,900 دج","+ أضف إلى السلة","https://sawaqli.fra1.cdn.digitaloceanspaces.com/22127/Sac-Picnic-cnc.jpg"
"1786186873-7","https://sawa9ly.app/category/12?page=7","1786186873-7","13,200 دج","+ أضف إلى السلة","https://sawaqli.fra1.cdn.digitaloceanspaces.com/20433/Table-Aluminium-4P-cnc.jpg"
"1786186873-8","https://sawa9ly.app/category/12?page=7","1786186873-8","3,400 دج","+ أضف إلى السلة","https://sawaqli.fra1.cdn.digitaloceanspaces.com/20386/Chaise-Spider-2.jpg"
"1786186873-9","https://sawa9ly.app/category/12?page=7","1786186873-9","900 دج","+ أضف إلى السلة","https://sawaqli.fra1.cdn.digitaloceanspaces.com/20252/SH-S31-CNC.jpg"
"1786186873-10","https://sawa9ly.app/category/12?page=7","1786186873-10","5,950 دج","+ أضف إلى السلة","https://sawaqli.fra1.cdn.digitaloceanspaces.com/20152/couv-37.jpg"
"1786186873-11","https://sawa9ly.app/category/12?page=7","1786186873-11","14,500 دج","+ أضف إلى السلة","https://sawaqli.fra1.cdn.digitaloceanspaces.com/20110/Bestway-tente-68087-5-1.jpg"
"1786186873-12","https://sawa9ly.app/category/12?page=7","1786186873-12","9,200 دج","+ أضف إلى السلة","https://sawaqli.fra1.cdn.digitaloceanspaces.com/20102/couv-38.jpg"
"1786186873-13","https://sawa9ly.app/category/12?page=7","1786186873-13","7,900 دج","+ أضف إلى السلة","https://sawaqli.fra1.cdn.digitaloceanspaces.com/20098/couv-39.jpg"
"1786186873-14","https://sawa9ly.app/category/12?page=7","1786186873-14","1,300 دج","+ أضف إلى السلة","https://sawaqli.fra1.cdn.digitaloceanspaces.com/19894/ccc.jpg"
"1786186873-15","https://sawa9ly.app/category/12?page=7","1786186873-15","6,500 دج","+ أضف إلى السلة","https://sawaqli.fra1.cdn.digitaloceanspaces.com/19868/letshogdfgsdfsdfaa21r4dfgpage.jpg"
"1786186873-16","https://sawa9ly.app/category/12?page=7","1786186873-16","2,200 دج","+ أضف إلى السلة","https://sawaqli.fra1.cdn.digitaloceanspaces.com/19237/Camping-Inflatable-Sofa-Lazy-Bag-3-Season-Ultralight-Down-Sleeping-Bag-Air-Bed-Inflatable-Sofa-Lounger.png"
"1786186873-17","https://sawa9ly.app/category/12?page=7","1786186873-17","9,500 دج","+ أضف إلى السلة","https://sawaqli.fra1.cdn.digitaloceanspaces.com/18575/Sacs-dexterieur-80L.jpg"
"1786186873-18","https://sawa9ly.app/category/12?page=7","1786186873-18","4,700 دج","+ أضف إلى السلة","https://sawaqli.fra1.cdn.digitaloceanspaces.com/18561/Sacs-dext80L-214-87sdfs.jpg"
"1786186873-19","https://sawa9ly.app/category/12?page=7","1786186873-19","2,700 دج","+ أضف إلى السلة","https://sawaqli.fra1.cdn.digitaloceanspaces.com/18310/موقد-اشعال-الفحم-الكهربائي.jpg"
"1786186873-20","https://sawa9ly.app/category/12?page=7","1786186873-20","2,250 دج","+ أضف إلى السلة","https://sawaqli.fra1.cdn.digitaloceanspaces.com/18158/Lampe-anti-moustiquesuv2541.jpg"
"1786186867-1","https://sawa9ly.app/category/12?page=6","1786186867-1","4,900 دج","+ أضف إلى السلة","https://sawaqli.fra1.cdn.digitaloceanspaces.com/32372/SDM05-CNC.jpg"
"1786186867-2","https://sawa9ly.app/category/12?page=6","1786186867-2","4,700 دج","+ أضف إلى السلة","https://sawaqli.fra1.cdn.digitaloceanspaces.com/32358/SDM04-CNC.jpg"
"1786186867-3","https://sawa9ly.app/category/12?page=6","1786186867-3","4,000 دج","+ أضف إلى السلة","https://sawaqli.fra1.cdn.digitaloceanspaces.com/32350/SDM03-CNC.jpg"
"1786186867-4","https://sawa9ly.app/category/12?page=6","1786186867-4","4,700 دج","+ أضف إلى السلة","https://sawaqli.fra1.cdn.digitaloceanspaces.com/32342/JRD12-CNC-(1).jpg"
"1786186867-5","https://sawa9ly.app/category/12?page=6","1786186867-5","1,400 دج","+ أضف إلى السلة","https://sawaqli.fra1.cdn.digitaloceanspaces.com/32163/kjdfhkjdhf54xcvxc87sswxscddddfqdxw.jpg"
"1786186867-6","https://sawa9ly.app/category/12?page=6","1786186867-6","1,500 دج","+ أضف إلى السلة","https://sawaqli.fra1.cdn.digitaloceanspaces.com/32127/torch.jpg"
"1786186867-7","https://sawa9ly.app/category/12?page=6","1786186867-7","1,400 دج","+ أضف إلى السلة","https://sawaqli.fra1.cdn.digitaloceanspaces.com/31838/Bonnet-LED-CNC.jpg"
"1786186867-8","https://sawa9ly.app/category/12?page=6","1786186867-8","1,950 دج","+ أضف إلى السلة","https://sawaqli.fra1.cdn.digitaloceanspaces.com/31717/Lamp-Z04-cnc.jpg"
"1786186867-9","https://sawa9ly.app/category/12?page=6","1786186867-9","1,600 دج","+ أضف إلى السلة","https://sawaqli.fra1.cdn.digitaloceanspaces.com/31051/مصباح-يدوي-للتخييم-ب-3-أوضاع-يعمل-بالطاقة-الشمسية.jpg"
"1786186867-10","https://sawa9ly.app/category/12?page=6","1786186867-10","880 دج","+ أضف إلى السلة","https://sawaqli.fra1.cdn.digitaloceanspaces.com/30075/Flashlight-G5-CNC.jpg"
"1786186867-11","https://sawa9ly.app/category/12?page=6","1786186867-11","900 دج","+ أضف إلى السلة","https://sawaqli.fra1.cdn.digitaloceanspaces.com/30069/Camping-Lamp-T01-CNC.jpg"
"1786186867-12","https://sawa9ly.app/category/12?page=6","1786186867-12","2,200 دج","+ أضف إلى السلة","https://sawaqli.fra1.cdn.digitaloceanspaces.com/29235/WT-838T-CNC.jpg"
"1786186867-13","https://sawa9ly.app/category/12?page=6","1786186867-13","4,400 دج","+ أضف إلى السلة","https://sawaqli.fra1.cdn.digitaloceanspaces.com/28982/SAC-360-CNC.jpg"
"1786186867-14","https://sawa9ly.app/category/12?page=6","1786186867-14","5,200 دج","+ أضف إلى السلة","https://sawaqli.fra1.cdn.digitaloceanspaces.com/28976/SAC-480-CNC.jpg"
"1786186867-15","https://sawa9ly.app/category/12?page=6","1786186867-15","4,200 دج","+ أضف إلى السلة","https://sawaqli.fra1.cdn.digitaloceanspaces.com/28965/SAC-345-1.jpg"
"1786186867-16","https://sawa9ly.app/category/12?page=6","1786186867-16","4,400 دج","+ أضف إلى السلة","https://sawaqli.fra1.cdn.digitaloceanspaces.com/28923/sac-3450-cnc3.jpg"
"1786186867-17","https://sawa9ly.app/category/12?page=6","1786186867-17","4,000 دج","+ أضف إلى السلة","https://sawaqli.fra1.cdn.digitaloceanspaces.com/28810/BESTWAY-67000-cnc.jpg"
"1786186867-18","https://sawa9ly.app/category/12?page=6","1786186867-18","1,850 دج","+ أضف إلى السلة","https://sawaqli.fra1.cdn.digitaloceanspaces.com/28801/Lamp-Swat-CNC.jpg"
"1786186867-19","https://sawa9ly.app/category/12?page=6","1786186867-19","1,500 دج","+ أضف إلى السلة","https://sawaqli.fra1.cdn.digitaloceanspaces.com/28713/HS-2302-cnc.jpg"
"1786186867-20","https://sawa9ly.app/category/12?page=6","1786186867-20","4,500 دج","+ أضف إلى السلة","https://sawaqli.fra1.cdn.digitaloceanspaces.com/34475/x.png"
"1786186860-1","https://sawa9ly.app/category/12?page=5","1786186860-1","2,100 دج","+ أضف إلى السلة","https://sawaqli.fra1.cdn.digitaloceanspaces.com/43918/CC-Lamp-cnc.jpg"
"1786186860-2","https://sawa9ly.app/category/12?page=5","1786186860-2","2,900 دج","+ أضف إلى السلة","https://sawaqli.fra1.cdn.digitaloceanspaces.com/42377/CampingLight20m-CNC.jpg"
"1786186860-3","https://sawa9ly.app/category/12?page=5","1786186860-3","1,700 دج","+ أضف إلى السلة","https://sawaqli.fra1.cdn.digitaloceanspaces.com/42355/_cobflood-CNC.jpg"
"1786186860-4","https://sawa9ly.app/category/12?page=5","1786186860-4","2,300 دج","+ أضف إلى السلة","https://sawaqli.fra1.cdn.digitaloceanspaces.com/41208/RLSX616-CNC.jpg"
"1786186860-5","https://sawa9ly.app/category/12?page=5","1786186860-5","3,750 دج","+ أضف إلى السلة","https://sawaqli.fra1.cdn.digitaloceanspaces.com/39213/JH001LAMPE-CNC.jpg"
"1786186860-6","https://sawa9ly.app/category/12?page=5","1786186860-6","1,900 دج","+ أضف إلى السلة","https://sawaqli.fra1.cdn.digitaloceanspaces.com/39180/SMBL01-(1).jpg"
"1786186860-7","https://sawa9ly.app/category/12?page=5","1786186860-7","1,500 دج","+ أضف إلى السلة","https://sawaqli.fra1.cdn.digitaloceanspaces.com/37812/JS922-1-(6).jpg"
"1786186860-8","https://sawa9ly.app/category/12?page=5","1786186860-8","1,500 دج","+ أضف إلى السلة","https://sawaqli.fra1.cdn.digitaloceanspaces.com/37378/LAMPE-Equilibre-cnc.jpg"
"1786186860-9","https://sawa9ly.app/category/12?page=5","1786186860-9","1,600 دج","+ أضف إلى السلة","https://sawaqli.fra1.cdn.digitaloceanspaces.com/35261/Lampe-T6-4modes-cnc.jpg"
"1786186860-10","https://sawa9ly.app/category/12?page=5","1786186860-10","1,900 دج","+ أضف إلى السلة","https://sawaqli.fra1.cdn.digitaloceanspaces.com/33933/Solar-Charging-cnc.jpg"
"1786186860-11","https://sawa9ly.app/category/12?page=5","1786186860-11","3,000 دج","+ أضف إلى السلة","https://sawa9ly.app/storage/64251/Solar-caisse-cnc2.jpg"
"1786186860-12","https://sawa9ly.app/category/12?page=5","1786186860-12","1,600 دج","+ أضف إلى السلة","https://sawaqli.fra1.cdn.digitaloceanspaces.com/33661/W678-2-CNC.jpg"
"1786186860-13","https://sawa9ly.app/category/12?page=5","1786186860-13","1,350 دج","+ أضف إلى السلة","https://sawaqli.fra1.cdn.digitaloceanspaces.com/33340/Disgne-0870.jpg"
"1786186860-14","https://sawa9ly.app/category/12?page=5","1786186860-14","1,300 دج","+ أضف إلى السلة","https://sawaqli.fra1.cdn.digitaloceanspaces.com/33140/xy501-headlamp.jpg"
"1786186860-15","https://sawa9ly.app/category/12?page=5","1786186860-15","1,150 دج","+ أضف إلى السلة","https://sawaqli.fra1.cdn.digitaloceanspaces.com/32984/Pochette-Mini-cnc.jpg"
"1786186860-16","https://sawa9ly.app/category/12?page=5","1786186860-16","6,000 دج","+ أضف إلى السلة","https://sawaqli.fra1.cdn.digitaloceanspaces.com/33139/Disgne-0770.jpg"
"1786186860-17","https://sawa9ly.app/category/12?page=5","1786186860-17","4,500 دج","+ أضف إلى السلة","https://sawaqli.fra1.cdn.digitaloceanspaces.com/32486/SDM10-CNC.jpg"
"1786186860-18","https://sawa9ly.app/category/12?page=5","1786186860-18","4,600 دج","+ أضف إلى السلة","https://sawaqli.fra1.cdn.digitaloceanspaces.com/32472/SDM08-CNC.jpg"
"1786186860-19","https://sawa9ly.app/category/12?page=5","1786186860-19","7,200 دج","+ أضف إلى السلة","https://sawaqli.fra1.cdn.digitaloceanspaces.com/32442/SDM07-CNC.jpg"
"1786186860-20","https://sawa9ly.app/category/12?page=5","1786186860-20","4,750 دج","+ أضف إلى السلة","https://sawaqli.fra1.cdn.digitaloceanspaces.com/32428/SDM06-CNC.jpg"
"1786186852-1","https://sawa9ly.app/category/12?page=2","1786186852-1","3,900 دج","+ أضف إلى السلة","https://sawa9ly.app/storage/73361/1779368250977_mvardgz2_chaise-cnc-(1).jpg"
"1786186852-2","https://sawa9ly.app/category/12?page=2","1786186852-2","5,300 دج","+ أضف إلى السلة","https://sawa9ly.app/storage/73001/1778668449582_o6iwkpg5_4569-3---cnc.jpg"
"1786186852-3","https://sawa9ly.app/category/12?page=2","1786186852-3","3,700 دج","+ أضف إلى السلة","https://sawa9ly.app/storage/72941/1778596778261_bwg96bss_pelle-mf-v3-cnc.jpg"
"1786186852-4","https://sawa9ly.app/category/12?page=2","1786186852-4","2,350 دج","+ أضف إلى السلة","https://sawa9ly.app/storage/72852/1778425750424_eteobbs1_chaise-easy-cnc.jpg"
"1786186852-5","https://sawa9ly.app/category/12?page=2","1786186852-5","1,700 دج","+ أضف إلى السلة","https://sawa9ly.app/storage/72837/1778426028974_wtwexfkw_ac9c671b4e8f6815ca6e1c86886e9e13613f81a5_original.jpeg"
"1786186852-6","https://sawa9ly.app/category/12?page=2","1786186852-6","8,700 دج","+ أضف إلى السلة","https://sawa9ly.app/storage/72815/1778513584800_zxfvnq3k_bestway-68101-cnc.jpg"
"1786186852-7","https://sawa9ly.app/category/12?page=2","1786186852-7","4,800 دج","+ أضف إلى السلة","https://sawa9ly.app/storage/72805/1778511621658_yatt697o_bestway-67223-cnc.jpg"
"1786186852-8","https://sawa9ly.app/category/12?page=2","1786186852-8","84,000 دج","+ أضف إلى السلة","https://sawa9ly.app/storage/72792/1778510071068_rdaswmr7_bestway-65308-cnc.jpg"
"1786186852-9","https://sawa9ly.app/category/12?page=2","1786186852-9","84,000 دج","+ أضف إلى السلة","https://sawa9ly.app/storage/72779/1778507848521_0d2v8bxz_bestway-65346-cnc.jpg"
"1786186852-10","https://sawa9ly.app/category/12?page=2","1786186852-10","950 دج","+ أضف إلى السلة","https://sawa9ly.app/storage/72689/1778420137369_howxkc32_yd2307-cnc.jpg"
"1786186852-11","https://sawa9ly.app/category/12?page=2","1786186852-11","2,600 دج","+ أضف إلى السلة","https://sawa9ly.app/storage/72626/1778408219732_h5co8a3m_shower-camp-20l-cnc.jpg"
"1786186852-12","https://sawa9ly.app/category/12?page=2","1786186852-12","3,650 دج","+ أضف إلى السلة","https://sawa9ly.app/storage/72273/1777890691081_qpg0mro2_blu-breeze-cnc.jpg"
"1786186852-14","https://sawa9ly.app/category/12?page=2","1786186852-14","5,900 دج","+ أضف إلى السلة","https://sawa9ly.app/storage/72125/1777802357063_su7f07xq_ktm-bag-cnc.jpg"
"1786186852-15","https://sawa9ly.app/category/12?page=2","1786186852-15","2,300 دج","+ أضف إلى السلة","https://sawa9ly.app/storage/71869/1777390976408_trv6ymp9_lanterne-bleu-pm-cnc.jpg"
"1786186852-16","https://sawa9ly.app/category/12?page=2","1786186852-16","2,550 دج","+ أضف إلى السلة","https://sawa9ly.app/storage/71862/1777390105799_t1ly7zhc_lanterne-bleu-mm-cnc.jpg"
"1786186852-17","https://sawa9ly.app/category/12?page=2","1786186852-17","4,900 دج","+ أضف إلى السلة","https://sawa9ly.app/storage/71548/1776694480038_abj6jdqw_71yzk2clvel._ac_sl1500_.jpg"
"1786186852-18","https://sawa9ly.app/category/12?page=2","1786186852-18","1,200 دج","+ أضف إلى السلة","https://sawa9ly.app/storage/71433/1776592592646_r9budra4_sq-818-uv-cnc.jpg"
"1786186852-19","https://sawa9ly.app/category/12?page=2","1786186852-19","5,800 دج","+ أضف إلى السلة","https://sawa9ly.app/storage/71204/1776182318387_fbr2kete_imgi_30_zp-5_5.jpg"
"1786186852-20","https://sawa9ly.app/category/12?page=2","1786186852-20","2,250 دج","+ أضف إلى السلة","https://sawa9ly.app/storage/70522/1775378400014_dza2z87q_sleep-mask-3d-cnc.jpg"
"1786186835-1","https://sawa9ly.app/category/12","1786186835-1","1,400 دج","+ أضف إلى السلة","https://sawa9ly.app/storage/76333/1785322769683_k0kd29bg_1.png"
"1786186835-2","https://sawa9ly.app/category/12","1786186835-2","1,700 دج","+ أضف إلى السلة","https://sawa9ly.app/storage/75339/1782307063861_eworbf7i_sd12dd0f872424554a60152d00110c8703.jpg"
"1786186835-3","https://sawa9ly.app/category/12","1786186835-3","15,500 دج","+ أضف إلى السلة","https://sawa9ly.app/storage/74801/1781710981745_202ppazq_intex-66129cc-cnc.jpg"
"1786186835-4","https://sawa9ly.app/category/12","1786186835-4","1,700 دج","+ أضف إلى السلة","https://sawa9ly.app/storage/74444/1781166406213-3q3eti.jpg"
"1786186835-6","https://sawa9ly.app/category/12","1786186835-6","3,150 دج","+ أضف إلى السلة","https://sawa9ly.app/storage/74415/1781165480602-xj4gs8.jpg"
"1786186835-7","https://sawa9ly.app/category/12","1786186835-7","4,200 دج","+ أضف إلى السلة","https://sawa9ly.app/storage/74376/1781086949707-lxwaib.jpg"
"1786186835-8","https://sawa9ly.app/category/12","1786186835-8","2,250 دج","+ أضف إلى السلة","https://sawa9ly.app/storage/74366/1781086084152-hethnp.png"
"1786186835-9","https://sawa9ly.app/category/12","1786186835-9","2,200 دج","+ أضف إلى السلة","https://sawa9ly.app/storage/74280/ed8bc6142570a3b2_34091-8.jpg"
"1786186835-10","https://sawa9ly.app/category/12","1786186835-10","3,000 دج","+ أضف إلى السلة","https://sawa9ly.app/storage/74269/1780928152623-tiyh9p.jpg"
"1786186835-11","https://sawa9ly.app/category/12","1786186835-11","2,550 دج","+ أضف إلى السلة","https://sawa9ly.app/storage/74214/1780843005891-gn40p9.jpg"
"1786186835-12","https://sawa9ly.app/category/12","1786186835-12","3,850 دج","+ أضف إلى السلة","https://sawa9ly.app/storage/74201/1780842675716-b6970r.jpg"
"1786186835-13","https://sawa9ly.app/category/12","1786186835-13","1,000 دج","+ أضف إلى السلة","https://sawa9ly.app/storage/74182/1780842039466-v5u1b4.jpg"
"1786186835-14","https://sawa9ly.app/category/12","1786186835-14","1,400 دج","+ أضف إلى السلة","https://sawa9ly.app/storage/74105/1780758169094-i6afon.jpg"
"1786186835-15","https://sawa9ly.app/category/12","1786186835-15","1,350 دج","+ أضف إلى السلة","https://sawa9ly.app/storage/74035/1780569232626_61ztrxs1_614vdznkgdl._ac_sl1000_.jpg"
"1786186835-17","https://sawa9ly.app/category/12","1786186835-17","2,700 دج","+ أضف إلى السلة","https://sawa9ly.app/storage/73923/1780412224091-zl2xpw.jpg"
"1786186835-18","https://sawa9ly.app/category/12","1786186835-18","3,650 دج","+ أضف إلى السلة","https://sawa9ly.app/storage/73424/1779527635866_pkse23px_yt-m2053-cnc.jpg"
"1786186835-19","https://sawa9ly.app/category/12","1786186835-19","7,100 دج","+ أضف إلى السلة","https://sawa9ly.app/storage/73418/1779532599965_8nsb8zr6_o1cn01gkeltp1fq9vywvnft_--2211045624057-0-cib.jpg"
"1786186835-20","https://sawa9ly.app/category/12","1786186835-20","3,150 دج","+ أضف إلى السلة","https://sawa9ly.app/storage/73399/1779375729549_k6btagzx_double-ended-cnc-(1).jpg"
"1786187059-1","https://sawa9ly.app/category/11?page=3","1786187059-1","1,800 دج","+ أضف إلى السلة","https://sawaqli.fra1.cdn.digitaloceanspaces.com/18844/sdf656532y2y_87sdf454sd.jpg"
"1786187059-5","https://sawa9ly.app/category/11?page=3","1786187059-5","1,250 دج","+ أضف إلى السلة","https://sawaqli.fra1.cdn.digitaloceanspaces.com/15841/Sholl-Semelles-Active-Gel.jpg"
"1786187059-9","https://sawa9ly.app/category/11?page=3","1786187059-9","2,200 دج","+ أضف إلى السلة","https://sawaqli.fra1.cdn.digitaloceanspaces.com/8454/xxtetashil.jpg"
"1786187059-14","https://sawa9ly.app/category/11?page=3","1786187059-14","1,550 دج","+ أضف إلى السلة","https://sawaqli.fra1.cdn.digitaloceanspaces.com/3844/305653558_7939071936165845_6078785710457999994_n.jpg"
"1786187059-15","https://sawa9ly.app/category/11?page=3","1786187059-15","1,800 دج","+ أضف إلى السلة","https://sawaqli.fra1.cdn.digitaloceanspaces.com/3805/WhatsApp-Image-2022-09-19-at-6.40.38-PM.jpeg"
"1786187059-16","https://sawa9ly.app/category/11?page=3","1786187059-16","1,950 دج","+ أضف إلى السلة","https://sawaqli.fra1.cdn.digitaloceanspaces.com/3794/2-Pcs-6.jpg"
"1786187059-17","https://sawa9ly.app/category/11?page=3","1786187059-17","800 دج","+ أضف إلى السلة","https://sawaqli.fra1.cdn.digitaloceanspaces.com/3792/redmi-airdots-pro-3-16.png"
"1786187059-18","https://sawa9ly.app/category/11?page=3","1786187059-18","1,200 دج","+ أضف إلى السلة","https://sawaqli.fra1.cdn.digitaloceanspaces.com/3774/WhatsApp-Image-2023-05-14-a-16.15.359.jpg"
"1786187059-19","https://sawa9ly.app/category/11?page=3","1786187059-19","1,750 دج","+ أضف إلى السلة","https://sawaqli.fra1.cdn.digitaloceanspaces.com/3766/WhatsApp-Image-2023-05-23-a-16.56.08.jpg"
"1786187059-20","https://sawa9ly.app/category/11?page=3","1786187059-20","1,650 دج","+ أضف إلى السلة","https://sawaqli.fra1.cdn.digitaloceanspaces.com/3761/12PCS-7.jpg"
"1786187052-1","https://sawa9ly.app/category/11?page=2","1786187052-1","1,800 دج","+ أضف إلى السلة","https://sawaqli.fra1.cdn.digitaloceanspaces.com/41461/Kitsport3in1-(7).jpg"
"1786187052-2","https://sawa9ly.app/category/11?page=2","1786187052-2","4,400 دج","+ أضف إلى السلة","https://sawaqli.fra1.cdn.digitaloceanspaces.com/41122/8.jpg"
"1786187052-5","https://sawa9ly.app/category/11?page=2","1786187052-5","4,550 دج","+ أضف إلى السلة","https://sawaqli.fra1.cdn.digitaloceanspaces.com/33456/EN-4802-CNC.jpg"
"1786187052-7","https://sawa9ly.app/category/11?page=2","1786187052-7","1,350 دج","+ أضف إلى السلة","https://sawaqli.fra1.cdn.digitaloceanspaces.com/32736/Support-Dos-ENF-CNC.jpg"
"1786187052-8","https://sawa9ly.app/category/11?page=2","1786187052-8","1,800 دج","+ أضف إلى السلة","https://sawaqli.fra1.cdn.digitaloceanspaces.com/29463/YC8515-cnc.jpg"
"1786187052-9","https://sawa9ly.app/category/11?page=2","1786187052-9","2,500 دج","+ أضف إلى السلة","https://sawaqli.fra1.cdn.digitaloceanspaces.com/29452/Lumbar-Waist-cnc.jpg"
"1786187052-10","https://sawa9ly.app/category/11?page=2","1786187052-10","1,300 دج","+ أضف إلى السلة","https://sawaqli.fra1.cdn.digitaloceanspaces.com/29446/Knee-9715-cnc.jpg"
"1786187052-11","https://sawa9ly.app/category/11?page=2","1786187052-11","3,000 دج","+ أضف إلى السلة","https://sawaqli.fra1.cdn.digitaloceanspaces.com/29323/Tenue-femmes-gym-cnc-rose.jpg"
"1786187052-12","https://sawa9ly.app/category/11?page=2","1786187052-12","1,950 دج","+ أضف إلى السلة","https://sawaqli.fra1.cdn.digitaloceanspaces.com/28432/Gym-femme-cnc.jpg"
"1786187052-13","https://sawa9ly.app/category/11?page=2","1786187052-13","3,250 دج","+ أضف إلى السلة","https://sawaqli.fra1.cdn.digitaloceanspaces.com/29168/WhatsApp-Image-2024-10-14-at-12.37.31-(1).jpeg"
"1786187052-14","https://sawa9ly.app/category/11?page=2","1786187052-14","1,050 دج","+ أضف إلى السلة","https://sawaqli.fra1.cdn.digitaloceanspaces.com/28323/Elbow-9104-cnc.jpg"
"1786187052-15","https://sawa9ly.app/category/11?page=2","1786187052-15","1,400 دج","+ أضف إلى السلة","https://sawaqli.fra1.cdn.digitaloceanspaces.com/28299/Waist-Protector-cnc.jpg"
"1786187052-16","https://sawa9ly.app/category/11?page=2","1786187052-16","3,300 دج","+ أضف إلى السلة","https://sawaqli.fra1.cdn.digitaloceanspaces.com/23817/woman-massager-cnc.jpg"
"1786187052-17","https://sawa9ly.app/category/11?page=2","1786187052-17","3,650 دج","+ أضف إلى السلة","https://sawaqli.fra1.cdn.digitaloceanspaces.com/23016/Massage-Gun-cnc.jpg"
"1786187052-18","https://sawa9ly.app/category/11?page=2","1786187052-18","3,100 دج","+ أضف إلى السلة","https://sawaqli.fra1.cdn.digitaloceanspaces.com/22418/couv-23.jpg"
"1786187052-19","https://sawa9ly.app/category/11?page=2","1786187052-19","3,200 دج","+ أضف إلى السلة","https://sawaqli.fra1.cdn.digitaloceanspaces.com/20833/couv-32.jpg"
"1786187052-20","https://sawa9ly.app/category/11?page=2","1786187052-20","2,700 دج","+ أضف إلى السلة","https://sawaqli.fra1.cdn.digitaloceanspaces.com/18848/Traning-mask-CNC-1.jpg"
"1786187046-7","https://sawa9ly.app/category/11","1786187046-7","950 دج","+ أضف إلى السلة","https://sawaqli.fra1.cdn.digitaloceanspaces.com/58408/Arch-Relief-cnc.jpg"
"1786187046-8","https://sawa9ly.app/category/11","1786187046-8","1,050 دج","+ أضف إلى السلة","https://sawaqli.fra1.cdn.digitaloceanspaces.com/58402/Sport-TP-CNC.jpg"
"1786187046-11","https://sawa9ly.app/category/11","1786187046-11","2,950 دج","+ أضف إلى السلة","https://sawaqli.fra1.cdn.digitaloceanspaces.com/55588/ST-7335-CNC.jpg"
"1786187046-12","https://sawa9ly.app/category/11","1786187046-12","1,350 دج","+ أضف إلى السلة","https://sawaqli.fra1.cdn.digitaloceanspaces.com/53458/Ceinture-A923-cnc.jpg"
"1786187046-13","https://sawa9ly.app/category/11","1786187046-13","1,400 دج","+ أضف إلى السلة","https://sawaqli.fra1.cdn.digitaloceanspaces.com/53442/Ceinture-Rose-cnc.jpg"
"1786187046-15","https://sawa9ly.app/category/11","1786187046-15","4,000 دج","+ أضف إلى السلة","https://sawaqli.fra1.cdn.digitaloceanspaces.com/51395/TAPIS-MSG-V2-5.jpg"
"1786187046-18","https://sawa9ly.app/category/11","1786187046-18","1,250 دج","+ أضف إلى السلة","https://sawaqli.fra1.cdn.digitaloceanspaces.com/46309/Low-Cut-Socks-cnc.jpg"
"1786187046-20","https://sawa9ly.app/category/11","1786187046-20","1,500 دج","+ أضف إلى السلة","https://sawaqli.fra1.cdn.digitaloceanspaces.com/42460/YCSUPPORT-CNC.jpg"
"1786187578-1","https://sawa9ly.app/category/10?page=10","1786187578-1","2,000 دج","+ أضف إلى السلة","https://sawaqli.fra1.cdn.digitaloceanspaces.com/25232/Step-Pedi.jpg"
"1786187578-2","https://sawa9ly.app/category/10?page=10","1786187578-2","2,150 دج","+ أضف إلى السلة","https://sawaqli.fra1.cdn.digitaloceanspaces.com/25256/Chauffe-Cire.jpg"
"1786187578-3","https://sawa9ly.app/category/10?page=10","1786187578-3","1,500 دج","+ أضف إلى السلة","https://sawaqli.fra1.cdn.digitaloceanspaces.com/25293/Chapeau-chaud-et-froid.jpg"
"1786187571-1","https://sawa9ly.app/category/10?page=9","1786187571-1","2,000 دج","+ أضف إلى السلة","https://sawaqli.fra1.cdn.digitaloceanspaces.com/4283/332512682_8836910939712108_970684028148633323_n.jpg"
"1786187571-2","https://sawa9ly.app/category/10?page=9","1786187571-2","1,500 دج","+ أضف إلى السلة","https://sawaqli.fra1.cdn.digitaloceanspaces.com/4265/627e38a034c29-86554.jpg"
"1786187571-3","https://sawa9ly.app/category/10?page=9","1786187571-3","1,150 دج","+ أضف إلى السلة","https://sawaqli.fra1.cdn.digitaloceanspaces.com/4251/Untitled-design-17.png"
"1786187571-4","https://sawa9ly.app/category/10?page=9","1786187571-4","2,050 دج","+ أضف إلى السلة","https://sawaqli.fra1.cdn.digitaloceanspaces.com/4249/48340513_1601047286594163_4643568153371082752_n.jpg"
"1786187571-5","https://sawa9ly.app/category/10?page=9","1786187571-5","1,950 دج","+ أضف إلى السلة","https://sawaqli.fra1.cdn.digitaloceanspaces.com/4244/WhatsApp-Image-2022-10-18-at-4.01.31-PM-600x600-1.jpeg"
"1786187571-6","https://sawa9ly.app/category/10?page=9","1786187571-6","950 دج","+ أضف إلى السلة","https://sawaqli.fra1.cdn.digitaloceanspaces.com/4237/714kRfmwN2L._AC_SL1500_.jpg"
"1786187571-7","https://sawa9ly.app/category/10?page=9","1786187571-7","1,700 دج","+ أضف إلى السلة","https://sawaqli.fra1.cdn.digitaloceanspaces.com/4227/Electric-Eyebrow-Razor-Facial-Hair-Removal-For-Women-4-In-1-Eyebrow-Razor-Epilator-Wet-And.jpg_Q90.jpg__5.jpg"
"1786187571-8","https://sawa9ly.app/category/10?page=9","1786187571-8","1,200 دج","+ أضف إلى السلة","https://sawaqli.fra1.cdn.digitaloceanspaces.com/4225/WhatsApp-Image-2022-12-27-at-1.52.35-PM.jpeg"
"1786187571-9","https://sawa9ly.app/category/10?page=9","1786187571-9","1,450 دج","+ أضف إلى السلة","https://sawaqli.fra1.cdn.digitaloceanspaces.com/4220/WhatsApp-Image-2022-12-15-at-10.30.43-AM-3.jpeg"
"1786187571-10","https://sawa9ly.app/category/10?page=9","1786187571-10","1,350 دج","+ أضف إلى السلة","https://sawaqli.fra1.cdn.digitaloceanspaces.com/4215/ac0760e2-44c9-4969-b408-a4fe13205f48.cffc68114994b88fc06a0ef2d5c4ac56.jpeg"
"1786187571-11","https://sawa9ly.app/category/10?page=9","1786187571-11","1,500 دج","+ أضف إلى السلة","https://sawaqli.fra1.cdn.digitaloceanspaces.com/4158/WhatsApp-Image-2023-01-03-at-6.09.44-PM-2.jpeg"
"1786187571-12","https://sawa9ly.app/category/10?page=9","1786187571-12","2,000 دج","+ أضف إلى السلة","https://sawaqli.fra1.cdn.digitaloceanspaces.com/25593/Vintage-T9.jpg"
"1786187571-13","https://sawa9ly.app/category/10?page=9","1786187571-13","1,150 دج","+ أضف إلى السلة","https://sawaqli.fra1.cdn.digitaloceanspaces.com/25575/Chauffe-Cire-V2.jpg"
"1786187571-14","https://sawa9ly.app/category/10?page=9","1786187571-14","2,800 دج","+ أضف إلى السلة","https://sawaqli.fra1.cdn.digitaloceanspaces.com/25573/Hidjama-Elec.jpg"
"1786187571-15","https://sawa9ly.app/category/10?page=9","1786187571-15","1,400 دج","+ أضف إلى السلة","https://sawaqli.fra1.cdn.digitaloceanspaces.com/4089/38-cm-1-1.jpg"
"1786187571-16","https://sawa9ly.app/category/10?page=9","1786187571-16","4,200 دج","+ أضف إلى السلة","https://sawaqli.fra1.cdn.digitaloceanspaces.com/4064/enzo-en-41002-2-1-800x800-1.jpg"
"1786187571-17","https://sawa9ly.app/category/10?page=9","1786187571-17","3,300 دج","+ أضف إلى السلة","https://sawaqli.fra1.cdn.digitaloceanspaces.com/25569/Vibromasseur-cnc.jpg"
"1786187571-18","https://sawa9ly.app/category/10?page=9","1786187571-18","1,600 دج","+ أضف إلى السلة","https://sawaqli.fra1.cdn.digitaloceanspaces.com/25567/Nettoyeur-de-peau.jpg"
"1786187571-19","https://sawa9ly.app/category/10?page=9","1786187571-19","2,750 دج","+ أضف إلى السلة","https://sawaqli.fra1.cdn.digitaloceanspaces.com/4020/Sdc533ce1e7b54d9e93e8608573dc304cA.jpg"
"1786187571-20","https://sawa9ly.app/category/10?page=9","1786187571-20","1,350 دج","+ أضف إلى السلة","https://sawaqli.fra1.cdn.digitaloceanspaces.com/25214/Recourbe-Cils.jpg"
"1786187566-1","https://sawa9ly.app/category/10?page=8","1786187566-1","3,800 دج","+ أضف إلى السلة","https://sawaqli.fra1.cdn.digitaloceanspaces.com/10420/onepeidssfgdfdssdfsdsdsdc54dffde02sd1-600x600.jpg"
"1786187566-2","https://sawa9ly.app/category/10?page=8","1786187566-2","3,800 دج","+ أضف إلى السلة","https://sawaqli.fra1.cdn.digitaloceanspaces.com/9536/makeup-(1).png"
"1786187566-3","https://sawa9ly.app/category/10?page=8","1786187566-3","2,850 دج","+ أضف إلى السلة","https://sawaqli.fra1.cdn.digitaloceanspaces.com/9260/375057273_792366286230966_6811912833594517292_n.jpg"
"1786187566-4","https://sawa9ly.app/category/10?page=8","1786187566-4","3,400 دج","+ أضف إلى السلة","https://sawaqli.fra1.cdn.digitaloceanspaces.com/25151/Brosse-5in1.jpg"
"1786187566-5","https://sawa9ly.app/category/10?page=8","1786187566-5","800 دج","+ أضف إلى السلة","https://sawaqli.fra1.cdn.digitaloceanspaces.com/8894/1691160501920-3371594c96af4f49990154226b3272e0-goods-(1).webp"
"1786187566-6","https://sawa9ly.app/category/10?page=8","1786187566-6","1,600 دج","+ أضف إلى السلة","https://sawaqli.fra1.cdn.digitaloceanspaces.com/25159/Zoeva-Brushs.jpg"
"1786187566-7","https://sawa9ly.app/category/10?page=8","1786187566-7","1,050 دج","+ أضف إلى السلة","https://sawaqli.fra1.cdn.digitaloceanspaces.com/25142/Kit-Rape-3pcs.jpg"
"1786187566-8","https://sawa9ly.app/category/10?page=8","1786187566-8","1,000 دج","+ أضف إلى السلة","https://sawaqli.fra1.cdn.digitaloceanspaces.com/25144/Zip-Socks.jpg"
"1786187566-9","https://sawa9ly.app/category/10?page=8","1786187566-9","2,050 دج","+ أضف إلى السلة","https://sawaqli.fra1.cdn.digitaloceanspaces.com/25154/Coupe-ongle-éléctrique.jpg"
"1786187566-10","https://sawa9ly.app/category/10?page=8","1786187566-10","1,350 دج","+ أضف إلى السلة","https://sawaqli.fra1.cdn.digitaloceanspaces.com/25157/EELHOE.jpg"
"1786187566-11","https://sawa9ly.app/category/10?page=8","1786187566-11","3,400 دج","+ أضف إلى السلة","https://sawaqli.fra1.cdn.digitaloceanspaces.com/25153/Waist-warmer-v3.jpg"
"1786187566-12","https://sawa9ly.app/category/10?page=8","1786187566-12","1,200 دج","+ أضف إلى السلة","https://sawaqli.fra1.cdn.digitaloceanspaces.com/25213/Mini-Uv-lamp.jpg"
"1786187566-13","https://sawa9ly.app/category/10?page=8","1786187566-13","1,300 دج","+ أضف إلى السلة","https://sawaqli.fra1.cdn.digitaloceanspaces.com/25156/Rasoir-EPILATEUR.jpg"
"1786187566-14","https://sawa9ly.app/category/10?page=8","1786187566-14","1,150 دج","+ أضف إلى السلة","https://sawaqli.fra1.cdn.digitaloceanspaces.com/25155/Ensemble-coupe-ongles-62028.jpg"
"1786187566-15","https://sawa9ly.app/category/10?page=8","1786187566-15","2,000 دج","+ أضف إلى السلة","https://sawaqli.fra1.cdn.digitaloceanspaces.com/4412/H0c24aa06edfc4ff6af8966c2e26236f5N.jpg"
"1786187566-17","https://sawa9ly.app/category/10?page=8","1786187566-17","2,250 دج","+ أضف إلى السلة","https://sawaqli.fra1.cdn.digitaloceanspaces.com/4387/image_viber_2022-05-28_17-36-48-321.jpg"
"1786187566-18","https://sawa9ly.app/category/10?page=8","1786187566-18","1,200 دج","+ أضف إلى السلة","https://sawaqli.fra1.cdn.digitaloceanspaces.com/4349/WhatsApp-Image-2022-08-14-at-12.44.51.jpeg"
"1786187566-19","https://sawa9ly.app/category/10?page=8","1786187566-19","900 دج","+ أضف إلى السلة","https://sawaqli.fra1.cdn.digitaloceanspaces.com/4333/WhatsApp-Image-2022-07-20-at-10.54.38-1.jpeg"
"1786187566-20","https://sawa9ly.app/category/10?page=8","1786187566-20","1,700 دج","+ أضف إلى السلة","https://sawaqli.fra1.cdn.digitaloceanspaces.com/4291/Ha7de8e0a093446a2a86a43c5f19472e39.jpg"
"1786187561-1","https://sawa9ly.app/category/10?page=7","1786187561-1","2,650 دج","+ أضف إلى السلة","https://sawaqli.fra1.cdn.digitaloceanspaces.com/17946/cw54df4fg54dsfdSDFSDdfg.jpg"
"1786187561-2","https://sawa9ly.app/category/10?page=7","1786187561-2","2,700 دج","+ أضف إلى السلة","https://sawaqli.fra1.cdn.digitaloceanspaces.com/17945/Dissolvant-de-Tartre-Dentair12.jpg"
"1786187561-3","https://sawa9ly.app/category/10?page=7","1786187561-3","900 دج","+ أضف إلى السلة","https://sawaqli.fra1.cdn.digitaloceanspaces.com/25202/WASHBAG-1PCS.jpg"
"1786187561-4","https://sawa9ly.app/category/10?page=7","1786187561-4","1,000 دج","+ أضف إلى السلة","https://sawaqli.fra1.cdn.digitaloceanspaces.com/25205/Washbag-1pcs-rond.jpg"
"1786187561-5","https://sawa9ly.app/category/10?page=7","1786187561-5","2,500 دج","+ أضف إلى السلة","https://sawaqli.fra1.cdn.digitaloceanspaces.com/25201/Boite-Bijoux-V2.jpg"
"1786187561-7","https://sawa9ly.app/category/10?page=7","1786187561-7","8,000 دج","+ أضف إلى السلة","https://sawaqli.fra1.cdn.digitaloceanspaces.com/25147/facial-mask.jpg"
"1786187561-8","https://sawa9ly.app/category/10?page=7","1786187561-8","1,100 دج","+ أضف إلى السلة","https://sawaqli.fra1.cdn.digitaloceanspaces.com/25203/V-Shape-Silicone.jpg"
"1786187561-9","https://sawa9ly.app/category/10?page=7","1786187561-9","1,100 دج","+ أضف إلى السلة","https://sawaqli.fra1.cdn.digitaloceanspaces.com/25204/Rouleau-glace.jpg"
"1786187561-10","https://sawa9ly.app/category/10?page=7","1786187561-10","3,400 دج","+ أضف إلى السلة","https://sawaqli.fra1.cdn.digitaloceanspaces.com/25146/WAIST-WARMER.jpg"
"1786187561-11","https://sawa9ly.app/category/10?page=7","1786187561-11","3,100 دج","+ أضف إلى السلة","https://sawaqli.fra1.cdn.digitaloceanspaces.com/25160/Brush-Cleaner.jpg"
"1786187561-12","https://sawa9ly.app/category/10?page=7","1786187561-12","2,250 دج","+ أضف إلى السلة","https://sawaqli.fra1.cdn.digitaloceanspaces.com/14197/Pour-soulager-les-douleurs-menstruelles123789810.jpg"
"1786187561-13","https://sawa9ly.app/category/10?page=7","1786187561-13","1,050 دج","+ أضف إلى السلة","https://sawaqli.fra1.cdn.digitaloceanspaces.com/13951/travel-pouch-2.jpg"
"1786187561-14","https://sawa9ly.app/category/10?page=7","1786187561-14","1,100 دج","+ أضف إلى السلة","https://sawaqli.fra1.cdn.digitaloceanspaces.com/25150/silicone-socks.jpg"
"1786187561-15","https://sawa9ly.app/category/10?page=7","1786187561-15","1,100 دج","+ أضف إلى السلة","https://sawaqli.fra1.cdn.digitaloceanspaces.com/12137/408861251_343830375057690_8816915027660098055_n.jpg"
"1786187561-16","https://sawa9ly.app/category/10?page=7","1786187561-16","4,500 دج","+ أضف إلى السلة","https://sawaqli.fra1.cdn.digitaloceanspaces.com/12085/85c7a79ded6ff4eda2fac815cc9ef844.png"
"1786187561-17","https://sawa9ly.app/category/10?page=7","1786187561-17","1,300 دج","+ أضف إلى السلة","https://sawaqli.fra1.cdn.digitaloceanspaces.com/12083/408842801_343830371724357_5494866772634674385_n.jpg"
"1786187561-18","https://sawa9ly.app/category/10?page=7","1786187561-18","700 دج","+ أضف إلى السلة","https://sawaqli.fra1.cdn.digitaloceanspaces.com/25566/Semelles-V1.jpg"
"1786187561-19","https://sawa9ly.app/category/10?page=7","1786187561-19","1,200 دج","+ أضف إلى السلة","https://sawaqli.fra1.cdn.digitaloceanspaces.com/25212/Boites-accessoires.jpg"
"1786187561-20","https://sawa9ly.app/category/10?page=7","1786187561-20","1,750 دج","+ أضف إلى السلة","https://sawaqli.fra1.cdn.digitaloceanspaces.com/11008/flawless-face-duo.jpg"
"1786187555-1","https://sawa9ly.app/category/10?page=6","1786187555-1","1,900 دج","+ أضف إلى السلة","https://sawaqli.fra1.cdn.digitaloceanspaces.com/29281/massager-6t-cnc.jpg"
"1786187555-2","https://sawa9ly.app/category/10?page=6","1786187555-2","6,200 دج","+ أضف إلى السلة","https://sawaqli.fra1.cdn.digitaloceanspaces.com/29181/barbiies-6-1.jpg"
"1786187555-3","https://sawa9ly.app/category/10?page=6","1786187555-3","1,500 دج","+ أضف إلى السلة","https://sawaqli.fra1.cdn.digitaloceanspaces.com/28651/Pochette-MR-CNC.jpg"
"1786187555-4","https://sawa9ly.app/category/10?page=6","1786187555-4","4,300 دج","+ أضف إلى السلة","https://sawaqli.fra1.cdn.digitaloceanspaces.com/26937/Enzo-Barbie-5.jpg"
"1786187555-6","https://sawa9ly.app/category/10?page=6","1786187555-6","1,150 دج","+ أضف إلى السلة","https://sawaqli.fra1.cdn.digitaloceanspaces.com/24982/Trousse-Toilet-cnc.jpg"
"1786187555-7","https://sawa9ly.app/category/10?page=6","1786187555-7","13,900 دج","+ أضف إلى السلة","https://sawaqli.fra1.cdn.digitaloceanspaces.com/24047/Staricare-massage-pied-cnc.jpg"
"1786187555-8","https://sawa9ly.app/category/10?page=6","1786187555-8","900 دج","+ أضف إلى السلة","https://sawaqli.fra1.cdn.digitaloceanspaces.com/23738/Finger-Clip-cnc.jpg"
"1786187555-9","https://sawa9ly.app/category/10?page=6","1786187555-9","2,850 دج","+ أضف إلى السلة","https://sawaqli.fra1.cdn.digitaloceanspaces.com/23209/Laundry-8-Pouches-cnc-600x600.jpg"
"1786187555-10","https://sawa9ly.app/category/10?page=6","1786187555-10","3,200 دج","+ أضف إلى السلة","https://sawaqli.fra1.cdn.digitaloceanspaces.com/23177/Face-Lift-cnc.jpg"
"1786187555-12","https://sawa9ly.app/category/10?page=6","1786187555-12","4,000 دج","+ أضف إلى السلة","https://sawaqli.fra1.cdn.digitaloceanspaces.com/22828/CTL-RL202-cnc.jpg"
"1786187555-13","https://sawa9ly.app/category/10?page=6","1786187555-13","1,400 دج","+ أضف إلى السلة","https://sawaqli.fra1.cdn.digitaloceanspaces.com/25164/trousse-maquillage-V1.jpg"
"1786187555-14","https://sawa9ly.app/category/10?page=6","1786187555-14","1,500 دج","+ أضف إلى السلة","https://sawaqli.fra1.cdn.digitaloceanspaces.com/25162/Washbag-3pcs.jpg"
"1786187555-15","https://sawa9ly.app/category/10?page=6","1786187555-15","1,200 دج","+ أضف إلى السلة","https://sawaqli.fra1.cdn.digitaloceanspaces.com/25167/Pochette-maquillage-V4.jpg"
"1786187555-16","https://sawa9ly.app/category/10?page=6","1786187555-16","700 دج","+ أضف إلى السلة","https://sawaqli.fra1.cdn.digitaloceanspaces.com/18022/nail5sefsdfsdfdsqd4.jpg"
"1786187555-17","https://sawa9ly.app/category/10?page=6","1786187555-17","900 دج","+ أضف إلى السلة","https://sawaqli.fra1.cdn.digitaloceanspaces.com/18020/1691160501920-3371594c96af4f49990154226b3272e0-goods-1-1.webp"
"1786187555-18","https://sawa9ly.app/category/10?page=6","1786187555-18","4,600 دج","+ أضف إلى السلة","https://sawaqli.fra1.cdn.digitaloceanspaces.com/42867/CALFMASSAGER-CNC.jpg"
"1786187555-19","https://sawa9ly.app/category/10?page=6","1786187555-19","900 دج","+ أضف إلى السلة","https://sawaqli.fra1.cdn.digitaloceanspaces.com/25200/Silicone-Plat-Pieds.jpg"
"1786187555-20","https://sawa9ly.app/category/10?page=6","1786187555-20","2,300 دج","+ أضف إلى السلة","https://sawaqli.fra1.cdn.digitaloceanspaces.com/17947/cw54df4fg54dsfdsdfg-1.jpg"
"1786187550-1","https://sawa9ly.app/category/10?page=5","1786187550-1","6,900 دج","+ أضف إلى السلة","https://sawaqli.fra1.cdn.digitaloceanspaces.com/38261/En-4131-CNC.jpg"
"1786187550-2","https://sawa9ly.app/category/10?page=5","1786187550-2","3,700 دج","+ أضف إلى السلة","https://sawaqli.fra1.cdn.digitaloceanspaces.com/38080/suny21-CNC.jpg"
"1786187550-3","https://sawa9ly.app/category/10?page=5","1786187550-3","1,900 دج","+ أضف إلى السلة","https://sawaqli.fra1.cdn.digitaloceanspaces.com/38079/nails30.jpg"
"1786187550-4","https://sawa9ly.app/category/10?page=5","1786187550-4","3,800 دج","+ أضف إلى السلة","https://sawaqli.fra1.cdn.digitaloceanspaces.com/38070/sun7-cnc.jpg"
"1786187550-5","https://sawa9ly.app/category/10?page=5","1786187550-5","2,000 دج","+ أضف إلى السلة","https://sawaqli.fra1.cdn.digitaloceanspaces.com/38005/HD7079-CNC.jpg"
"1786187550-7","https://sawa9ly.app/category/10?page=5","1786187550-7","2,600 دج","+ أضف إلى السلة","https://sawaqli.fra1.cdn.digitaloceanspaces.com/35706/Faith-cnc.jpg"
"1786187550-8","https://sawa9ly.app/category/10?page=5","1786187550-8","2,550 دج","+ أضف إلى السلة","https://sawaqli.fra1.cdn.digitaloceanspaces.com/34932/MSD-8658-CNC.jpg"
"1786187550-9","https://sawa9ly.app/category/10?page=5","1786187550-9","2,800 دج","+ أضف إلى السلة","https://sawaqli.fra1.cdn.digitaloceanspaces.com/33841/Pack-Beauty-2en1-cnc.jpg"
"1786187550-12","https://sawa9ly.app/category/10?page=5","1786187550-12","3,550 دج","+ أضف إلى السلة","https://sawaqli.fra1.cdn.digitaloceanspaces.com/32728/Barber-Mate-cnc-(1).jpg"
"1786187550-13","https://sawa9ly.app/category/10?page=5","1786187550-13","3,100 دج","+ أضف إلى السلة","https://sawaqli.fra1.cdn.digitaloceanspaces.com/32712/KM2267-CNC.jpg"
"1786187550-14","https://sawa9ly.app/category/10?page=5","1786187550-14","3,200 دج","+ أضف إلى السلة","https://sawaqli.fra1.cdn.digitaloceanspaces.com/31695/Cosrx-cnc.jpg"
"1786187550-15","https://sawa9ly.app/category/10?page=5","1786187550-15","2,300 دج","+ أضف إلى السلة","https://sawaqli.fra1.cdn.digitaloceanspaces.com/31689/Mielle.jpg"
"1786187550-16","https://sawa9ly.app/category/10?page=5","1786187550-16","1,600 دج","+ أضف إلى السلة","https://sawaqli.fra1.cdn.digitaloceanspaces.com/31419/BB-Brush-cnc.jpg"
"1786187550-17","https://sawa9ly.app/category/10?page=5","1786187550-17","950 دج","+ أضف إلى السلة","https://sawaqli.fra1.cdn.digitaloceanspaces.com/31334/Streaching-Mask-6.jpg"
"1786187550-18","https://sawa9ly.app/category/10?page=5","1786187550-18","800 دج","+ أضف إلى السلة","https://sawaqli.fra1.cdn.digitaloceanspaces.com/31240/Heel-Socks-cnc.jpg"
"1786187550-19","https://sawa9ly.app/category/10?page=5","1786187550-19","1,400 دج","+ أضف إلى السلة","https://sawaqli.fra1.cdn.digitaloceanspaces.com/30748/Miroir-rond-CNC.jpg"
"1786187550-20","https://sawa9ly.app/category/10?page=5","1786187550-20","1,650 دج","+ أضف إلى السلة","https://sawaqli.fra1.cdn.digitaloceanspaces.com/29329/Shaping-BELT-cnc-1.jpg"
"1786187544-1","https://sawa9ly.app/category/10?page=4","1786187544-1","1,600 دج","+ أضف إلى السلة","https://sawaqli.fra1.cdn.digitaloceanspaces.com/53233/Eyelash-Curler-1.jpg"
"1786187544-2","https://sawa9ly.app/category/10?page=4","1786187544-2","1,850 دج","+ أضف إلى السلة","https://sawaqli.fra1.cdn.digitaloceanspaces.com/52023/Sunexmack-7.jpg"
"1786187544-3","https://sawa9ly.app/category/10?page=4","1786187544-3","1,800 دج","+ أضف إلى السلة","https://sawaqli.fra1.cdn.digitaloceanspaces.com/51224/V-face-upgrade-cnc.jpg"
"1786187544-4","https://sawa9ly.app/category/10?page=4","1786187544-4","4,600 دج","+ أضف إلى السلة","https://sawaqli.fra1.cdn.digitaloceanspaces.com/50901/Cnaier-cnc.jpg"
"1786187544-5","https://sawa9ly.app/category/10?page=4","1786187544-5","1,900 دج","+ أضف إلى السلة","https://sawaqli.fra1.cdn.digitaloceanspaces.com/50838/Micro-Bubble-cnc.jpg"
"1786187544-6","https://sawa9ly.app/category/10?page=4","1786187544-6","1,300 دج","+ أضف إلى السلة","https://sawaqli.fra1.cdn.digitaloceanspaces.com/50401/Gel-massage-insole-8.jpg"
"1786187544-7","https://sawa9ly.app/category/10?page=4","1786187544-7","1,300 دج","+ أضف إلى السلة","https://sawaqli.fra1.cdn.digitaloceanspaces.com/50384/Low-Arch-CNC.jpg"
"1786187544-8","https://sawa9ly.app/category/10?page=4","1786187544-8","1,300 دج","+ أضف إلى السلة","https://sawaqli.fra1.cdn.digitaloceanspaces.com/49958/Face-Lift-v5-cnc.jpg"
"1786187544-9","https://sawa9ly.app/category/10?page=4","1786187544-9","1,300 دج","+ أضف إلى السلة","https://sawaqli.fra1.cdn.digitaloceanspaces.com/48958/Boite-BJ-cnc.jpg"
"1786187544-10","https://sawa9ly.app/category/10?page=4","1786187544-10","1,450 دج","+ أضف إلى السلة","https://sawaqli.fra1.cdn.digitaloceanspaces.com/47477/Pochette-MR-CNC.jpg"
"1786187544-11","https://sawa9ly.app/category/10?page=4","1786187544-11","1,300 دج","+ أضف إلى السلة","https://sawaqli.fra1.cdn.digitaloceanspaces.com/46257/Invisible-Brace-cnc.jpg"
"1786187544-12","https://sawa9ly.app/category/10?page=4","1786187544-12","1,650 دج","+ أضف إلى السلة","https://sawaqli.fra1.cdn.digitaloceanspaces.com/46237/Cervical-Collar-CNC.jpg"
"1786187544-13","https://sawa9ly.app/category/10?page=4","1786187544-13","1,850 دج","+ أضف إلى السلة","https://sawaqli.fra1.cdn.digitaloceanspaces.com/45960/gel-socks-pack.jpg"
"1786187544-14","https://sawa9ly.app/category/10?page=4","1786187544-14","1,850 دج","+ أضف إلى السلة","https://sawaqli.fra1.cdn.digitaloceanspaces.com/45936/blackhead-cnc.jpg"
"1786187544-15","https://sawa9ly.app/category/10?page=4","1786187544-15","4,500 دج","+ أضف إلى السلة","https://sawaqli.fra1.cdn.digitaloceanspaces.com/44620/IPL-CNC.jpg"
"1786187544-16","https://sawa9ly.app/category/10?page=4","1786187544-16","4,600 دج","+ أضف إلى السلة","https://sawaqli.fra1.cdn.digitaloceanspaces.com/42670/CALFMASSAGER-CNC.jpg"
"1786187544-18","https://sawa9ly.app/category/10?page=4","1786187544-18","2,100 دج","+ أضف إلى السلة","https://sawaqli.fra1.cdn.digitaloceanspaces.com/40702/FZ79KNEE-CNC.jpg"
"1786187544-19","https://sawa9ly.app/category/10?page=4","1786187544-19","1,000 دج","+ أضف إلى السلة","https://sawaqli.fra1.cdn.digitaloceanspaces.com/39787/EARWAXCLEANER.jpg"
"1786187544-20","https://sawa9ly.app/category/10?page=4","1786187544-20","4,300 دج","+ أضف إلى السلة","https://sawaqli.fra1.cdn.digitaloceanspaces.com/39455/EN4105-(6).jpg"
"1786187539-1","https://sawa9ly.app/category/10?page=3","1786187539-1","3,800 دج","+ أضف إلى السلة","https://sawaqli.fra1.cdn.digitaloceanspaces.com/57655/CNaier-3en1-cnc.jpg"
"1786187539-2","https://sawa9ly.app/category/10?page=3","1786187539-2","13,000 دج","+ أضف إلى السلة","https://sawaqli.fra1.cdn.digitaloceanspaces.com/57573/Massage-Cushion-cnc.jpg"
"1786187539-3","https://sawa9ly.app/category/10?page=3","1786187539-3","2,800 دج","+ أضف إلى السلة","https://sawaqli.fra1.cdn.digitaloceanspaces.com/57567/Suction-Massage-cnc.jpg"
"1786187539-4","https://sawa9ly.app/category/10?page=3","1786187539-4","1,800 دج","+ أضف إلى السلة","https://sawaqli.fra1.cdn.digitaloceanspaces.com/57543/ZL-228-CNC.jpg"
"1786187539-5","https://sawa9ly.app/category/10?page=3","1786187539-5","3,500 دج","+ أضف إلى السلة","https://sawaqli.fra1.cdn.digitaloceanspaces.com/57510/Push-Massage-cnc.jpg"
"1786187539-6","https://sawa9ly.app/category/10?page=3","1786187539-6","4,300 دج","+ أضف إلى السلة","https://sawaqli.fra1.cdn.digitaloceanspaces.com/57468/massage-head-cnc.jpg"
"1786187539-7","https://sawa9ly.app/category/10?page=3","1786187539-7","3,950 دج","+ أضف إلى السلة","https://sawaqli.fra1.cdn.digitaloceanspaces.com/57370/massage-shoes-cnc.jpg"
"1786187539-8","https://sawa9ly.app/category/10?page=3","1786187539-8","3,950 دج","+ أضف إلى السلة","https://sawaqli.fra1.cdn.digitaloceanspaces.com/57293/Bath-Brush-cnc.jpg"
"1786187539-9","https://sawa9ly.app/category/10?page=3","1786187539-9","4,600 دج","+ أضف إلى السلة","https://sawaqli.fra1.cdn.digitaloceanspaces.com/56831/Massage-Comb-cnc.jpg"
"1786187539-10","https://sawa9ly.app/category/10?page=3","1786187539-10","4,990 دج","+ أضف إلى السلة","https://sawaqli.fra1.cdn.digitaloceanspaces.com/56601/Oxy-Injector-CNC2.jpg"
"1786187539-11","https://sawa9ly.app/category/10?page=3","1786187539-11","6,500 دج","+ أضف إلى السلة","https://sawaqli.fra1.cdn.digitaloceanspaces.com/56349/Staricare-Ceinture-Dorsal-cnc.jpg"
"1786187539-12","https://sawa9ly.app/category/10?page=3","1786187539-12","3,800 دج","+ أضف إلى السلة","https://sawaqli.fra1.cdn.digitaloceanspaces.com/56337/Staricare-Anti-rides-cnc.jpg"
"1786187539-13","https://sawa9ly.app/category/10?page=3","1786187539-13","5,600 دج","+ أضف إلى السلة","https://sawaqli.fra1.cdn.digitaloceanspaces.com/56330/Staricare-Cervicale-cnc.jpg"
"1786187539-14","https://sawa9ly.app/category/10?page=3","1786187539-14","4,400 دج","+ أضف إلى السلة","https://sawaqli.fra1.cdn.digitaloceanspaces.com/56022/en-1971-cnc.jpg"
"1786187539-15","https://sawa9ly.app/category/10?page=3","1786187539-15","1,700 دج","+ أضف إلى السلة","https://sawaqli.fra1.cdn.digitaloceanspaces.com/55921/Sleep-Mask-cnc.jpg"
"1786187539-16","https://sawa9ly.app/category/10?page=3","1786187539-16","2,600 دج","+ أضف إلى السلة","https://sawaqli.fra1.cdn.digitaloceanspaces.com/55643/Mirroir-2B-cnc-1.jpg"
"1786187539-17","https://sawa9ly.app/category/10?page=3","1786187539-17","1,000 دج","+ أضف إلى السلة","https://sawaqli.fra1.cdn.digitaloceanspaces.com/54126/Ongles-16Pcs-7-600x600.jpg"
"1786187533-2","https://sawa9ly.app/category/10?page=2","1786187533-2","2,300 دج","+ أضف إلى السلة","https://sawa9ly.app/storage/62185/XU-3009-CNC.jpg"
"1786187533-3","https://sawa9ly.app/category/10?page=2","1786187533-3","2,450 دج","+ أضف إلى السلة","https://sawa9ly.app/storage/62172/XU-3004-CNC.jpg"
"1786187533-4","https://sawa9ly.app/category/10?page=2","1786187533-4","8,300 دج","+ أضف إلى السلة","https://sawa9ly.app/storage/61925/Philips-QP2734-23-CNC.jpg"
"1786187533-5","https://sawa9ly.app/category/10?page=2","1786187533-5","8,700 دج","+ أضف إلى السلة","https://sawaqli.fra1.cdn.digitaloceanspaces.com/61138/QP2824-10-CNC.jpg"
"1786187533-7","https://sawa9ly.app/category/10?page=2","1786187533-7","950 دج","+ أضف إلى السلة","https://sawaqli.fra1.cdn.digitaloceanspaces.com/59875/Patch-PAD-CNC.jpg"
"1786187533-8","https://sawa9ly.app/category/10?page=2","1786187533-8","20,000 دج","+ أضف إلى السلة","https://sawaqli.fra1.cdn.digitaloceanspaces.com/59698/Massage-Jambe-cnc.jpg"
"1786187533-9","https://sawa9ly.app/category/10?page=2","1786187533-9","9,500 دج","+ أضف إلى السلة","https://sawaqli.fra1.cdn.digitaloceanspaces.com/59682/Otoscope-cnc.jpg"
"1786187533-10","https://sawa9ly.app/category/10?page=2","1786187533-10","6,950 دج","+ أضف إلى السلة","https://sawaqli.fra1.cdn.digitaloceanspaces.com/59277/QP2510-CNC-600x600.jpg"
"1786187533-11","https://sawa9ly.app/category/10?page=2","1786187533-11","14,400 دج","+ أضف إلى السلة","https://sawaqli.fra1.cdn.digitaloceanspaces.com/59244/elt-8104-cnc-1-600x600.jpg"
"1786187533-12","https://sawa9ly.app/category/10?page=2","1786187533-12","650 دج","+ أضف إلى السلة","https://sawaqli.fra1.cdn.digitaloceanspaces.com/59229/Ciseaux-Onglerie-V2-cnc.jpg"
"1786187533-14","https://sawa9ly.app/category/10?page=2","1786187533-14","1,750 دج","+ أضف إلى السلة","https://sawaqli.fra1.cdn.digitaloceanspaces.com/58902/Twist-Secret-cnc.jpg"
"1786187533-15","https://sawa9ly.app/category/10?page=2","1786187533-15","2,400 دج","+ أضف إلى السلة","https://sawaqli.fra1.cdn.digitaloceanspaces.com/61414/YX-228-cnc2.jpg"
"1786187533-19","https://sawa9ly.app/category/10?page=2","1786187533-19","2,050 دج","+ أضف إلى السلة","https://sawaqli.fra1.cdn.digitaloceanspaces.com/57904/Feetfix-cnc.jpg"
"1786187533-20","https://sawa9ly.app/category/10?page=2","1786187533-20","1,600 دج","+ أضف إلى السلة","https://sawaqli.fra1.cdn.digitaloceanspaces.com/57846/X6-Brosse-cnc.jpg"
"1786187519-3","https://sawa9ly.app/category/10","1786187519-3","7,400 دج","+ أضف إلى السلة","https://sawa9ly.app/storage/74535/1781432607347-gn9spv.jpg"
"1786187519-5","https://sawa9ly.app/category/10","1786187519-5","750 دج","+ أضف إلى السلة","https://sawa9ly.app/storage/73217/1779181699278_czutjbcq_skin-nano-shaper-cnc.jpg"
"1786187519-8","https://sawa9ly.app/category/10","1786187519-8","1,300 دج","+ أضف إلى السلة","https://sawa9ly.app/storage/72615/1778410865518_trda4chj_kit-manu-4pcs-cnc.webp"
"1786187519-9","https://sawa9ly.app/category/10","1786187519-9","1,450 دج","+ أضف إلى السلة","https://sawa9ly.app/storage/72523/1778317078282_b597l6pa_hair-remover-3in1-cnc.jpg"
"1786187519-10","https://sawa9ly.app/category/10","1786187519-10","5,500 دج","+ أضف إلى السلة","https://sawa9ly.app/storage/72314/1777971623530_50oxdxev_so-massager-cnc.jpg"
"1786187519-11","https://sawa9ly.app/category/10","1786187519-11","1,600 دج","+ أضف إلى السلة","https://sawa9ly.app/storage/70528/1775379962250_2ipiu14f_comfort-cushions-cnc.jpg"
"1786187519-12","https://sawa9ly.app/category/10","1786187519-12","1,500 دج","+ أضف إلى السلة","https://sawa9ly.app/storage/70221/topikcncc.jpg"
"1786187519-13","https://sawa9ly.app/category/10","1786187519-13","1,000 دج","+ أضف إلى السلة","https://sawa9ly.app/storage/68748/silpine-cnc.jpg"
"1786187519-14","https://sawa9ly.app/category/10","1786187519-14","1,400 دج","+ أضف إلى السلة","https://sawa9ly.app/storage/67598/V-Face-Lift-v3-cnc.jpg"
"1786187519-15","https://sawa9ly.app/category/10","1786187519-15","4,300 دج","+ أضف إلى السلة","https://sawa9ly.app/storage/67482/Wahl-Travel-Kit-cnc.jpg"
"1786187519-16","https://sawa9ly.app/category/10","1786187519-16","2,300 دج","+ أضف إلى السلة","https://sawa9ly.app/storage/66583/Utogru-5.jpg"
"1786187519-17","https://sawa9ly.app/category/10","1786187519-17","2,000 دج","+ أضف إلى السلة","https://sawa9ly.app/storage/66576/Body-Accel-cnc.jpg"
"1786187519-18","https://sawa9ly.app/category/10","1786187519-18","850 دج","+ أضف إلى السلة","https://sawa9ly.app/storage/65730/Dazzling-White-cnc.jpg"
"1786187777-1","https://sawa9ly.app/category/9?page=9","","3 PCS Sac à dos multifonctionnel Avec Sortie USB ET Sortie kit-man - bleu","1,750 دج","+ أضف إلى السلة","https://sawaqli.fra1.cdn.digitaloceanspaces.com/25300/WhatsApp-Image-2022-04-27-at-02.26.13-1.jpg"
"1786187777-2","https://sawa9ly.app/category/9?page=9","","Sac à dos Scolaire pour enfants IKOZDS Orthopédique et Confortable","1,950 دج","+ أضف إلى السلة","https://sawaqli.fra1.cdn.digitaloceanspaces.com/24935/XK-Kids-12.jpg"
"1786187777-3","https://sawa9ly.app/category/9?page=9","","Sac à Dos orthopédique d’école primaire pour Enfant Garçon et Fille Étanche – Rouge","1,750 دج","+ أضف إلى السلة","https://sawaqli.fra1.cdn.digitaloceanspaces.com/23510/paintjkkjgjhjh-rouge.jpg"
"1786187777-4","https://sawa9ly.app/category/9?page=9","","Sac à Dos orthopédique d’école primaire pour Enfant Garçon et Fille Étanche – Bleu","1,750 دج","+ أضف إلى السلة","https://sawaqli.fra1.cdn.digitaloceanspaces.com/23508/paintjkkjgjhjh.jpg"
"1786187777-5","https://sawa9ly.app/category/9?page=9","","Sac de pique-nique en maille, compartiment Isotherme avec fermeture éclair","1,450 دج","+ أضف إلى السلة","https://sawaqli.fra1.cdn.digitaloceanspaces.com/19717/WlBJXtDN_2x.jpg"
"1786187777-6","https://sawa9ly.app/category/9?page=9","","Sac de rangement pour chaussures imperméables a double Ouverture V2","1,550 دج","+ أضف إلى السلة","https://sawaqli.fra1.cdn.digitaloceanspaces.com/19695/9785deb2587848588b6fc49e6571e2856cc22dfa_original.jpg"
"1786187777-7","https://sawa9ly.app/category/9?page=9","","Sac à dos oxford Antivol étanche Pour Femme – Biege","1,850 دج","+ أضف إلى السلة","https://sawaqli.fra1.cdn.digitaloceanspaces.com/24226/Yiobei-sac-cnc.jpg"
"1786187777-8","https://sawa9ly.app/category/9?page=9","","Sac à dos oxford Antivol étanche pour femmes – multicouleur – حقيبة ظهر أكسفورد مقاومة للماء ومضادة للسرقة للنساء","1,850 دج","+ أضف إلى السلة","https://sawaqli.fra1.cdn.digitaloceanspaces.com/12810/Sac-a-dos-oxford-multicouleurs-main-img-(1).jpg"
"1786187777-9","https://sawa9ly.app/category/9?page=9","","Sac à bandoulière à motif floral avec motif de patch de lettre","2,450 دج","+ أضف إلى السلة","https://sawaqli.fra1.cdn.digitaloceanspaces.com/12702/Sac-a-bandouliere-a-motif-floral-avec-motif-de-patch-de-lettre.jpg"
"1786187777-10","https://sawa9ly.app/category/9?page=9","","Sacs à bandoulière pied-de-poule Vintage pour femmes grande capacité","2,400 دج","+ أضف إلى السلة","https://sawaqli.fra1.cdn.digitaloceanspaces.com/12697/photo_5800754908851453507_x.jpg"
"1786187777-11","https://sawa9ly.app/category/9?page=9","","Sac à main pour femme  motif a fleur","2,400 دج","+ أضف إلى السلة","https://sawaqli.fra1.cdn.digitaloceanspaces.com/12608/photo_5800754908851453492_x.jpg"
"1786187777-12","https://sawa9ly.app/category/9?page=9","","Sac à main burberry Grande capacité avec un  portefeuille pour femme","1,250 دج","+ أضف إلى السلة","https://sawaqli.fra1.cdn.digitaloceanspaces.com/10632/msg1472146506-2395.jpg"
"1786187777-13","https://sawa9ly.app/category/9?page=9","","Sac à dos oxford Antivol étanche Pour Femme – Noir","2,150 دج","+ أضف إلى السلة","https://sawaqli.fra1.cdn.digitaloceanspaces.com/6674/3-14.jpg"
"1786187777-14","https://sawa9ly.app/category/9?page=9","","Sac à Dos orthopédique d'école primaire pour Enfant Garçon et Fille Étanche","1,950 دج","+ أضف إلى السلة","https://sawaqli.fra1.cdn.digitaloceanspaces.com/5539/Sac-Dos-d-cole-Primaire-pour-Enfant-Gar-on-et-Fille-Sacoche-tanche-Orth4WD.jpg_960x960.jpg"
"1786187777-15","https://sawa9ly.app/category/9?page=9","","Sac à Dos orthopédique d’école primaire pour Enfant Garçon et Fille Étanche – Rose","1,750 دج","+ أضف إلى السلة","https://sawaqli.fra1.cdn.digitaloceanspaces.com/25713/H986eda5e1fec447b81896e6e0f1fa8c3D.jpg"
"1786187777-16","https://sawa9ly.app/category/9?page=9","","Sacoche  sous-bras Anti-vol Multi-Poche Design Élégant Pour Voyage Quotidien","1,600 دج","+ أضف إلى السلة","https://sawaqli.fra1.cdn.digitaloceanspaces.com/3635/WhatsApp-Image-2022-09-21-at-7.18.01-PM.jpeg"
"1786187777-17","https://sawa9ly.app/category/9?page=9","","Joy Start Sacs à dos loptop USB 3 PCS multifonctionnel Avec Sortie USB ET Sortie kit-man","1,700 دج","+ أضف إلى السلة","https://sawaqli.fra1.cdn.digitaloceanspaces.com/3631/38-cm-4.jpg"
"1786187777-18","https://sawa9ly.app/category/9?page=9","","Sac à dos oxford Antivol étanche Pour Femme - Gris","1,620 دج","+ أضف إلى السلة","https://sawaqli.fra1.cdn.digitaloceanspaces.com/3598/Sa0016302051d44f1911a219e1d7d3634T.jpg"
"1786187772-1","https://sawa9ly.app/category/9?page=8","","Ensemble de sacs d’école Kawai pour adolescents 4Pcs CLBD V1 Mauve – محفظة 4 قطع كاواي بنفسجي","2,350 دج","+ أضف إلى السلة","https://sawaqli.fra1.cdn.digitaloceanspaces.com/52548/Sac-Chinois-V3-1.jpg"
"1786187772-2","https://sawa9ly.app/category/9?page=8","","Ensemble de sacs d’école Kawai pour adolescents 4Pcs Lapin X Marron – محفظة 4 قطع كاواي بني","2,150 دج","+ أضف إلى السلة","https://sawaqli.fra1.cdn.digitaloceanspaces.com/52313/Sac-Lapin-1.jpg"
"1786187772-3","https://sawa9ly.app/category/9?page=8","","Ensemble de sacs d’école Kawai pour adolescents 4Pcs Lapin X Gris – محفظة 4 قطع كاواي رمادي","2,150 دج","+ أضف إلى السلة","https://sawaqli.fra1.cdn.digitaloceanspaces.com/52376/13811c55-a381-40e2-9fd9-7c331810ff4b.jpeg"
"1786187772-4","https://sawa9ly.app/category/9?page=8","","Ensemble de sacs d’école Kawai pour adolescents 4Pcs Lapin X Blanc – محفظة 4 قطع كاواي أبيض","2,150 دج","+ أضف إلى السلة","https://sawaqli.fra1.cdn.digitaloceanspaces.com/52308/Sac-Lapin-10.jpg"
"1786187772-5","https://sawa9ly.app/category/9?page=8","","Sac de Poitrine Fashion pour hommes avec bandoulière LX067 – حقيبة أغراض حجم كبير","1,950 دج","+ أضف إلى السلة","https://sawaqli.fra1.cdn.digitaloceanspaces.com/46831/LX067.jpg"
"1786187772-6","https://sawa9ly.app/category/9?page=8","","Celion Kail Sac à Bandoulière Décontracté pour Hommes – حقيبة أغراض رجالية","2,050 دج","+ أضف إلى السلة","https://sawaqli.fra1.cdn.digitaloceanspaces.com/46825/celion-kail-2.jpg"
"1786187772-7","https://sawa9ly.app/category/9?page=8","","Sac de Poitrine Fashion Bag pour hommes avec bandoulière LX066 – حقيبة أغراض رجالية","1,950 دج","+ أضف إلى السلة","https://sawaqli.fra1.cdn.digitaloceanspaces.com/46816/LX066.jpg"
"1786187772-8","https://sawa9ly.app/category/9?page=8","","Sac à bandoulière antivol dissimulé sous les aisselles – حقيبة أغراض مضادة لسرقة","1,400 دج","+ أضف إلى السلة","https://sawaqli.fra1.cdn.digitaloceanspaces.com/46799/007.jpg"
"1786187772-9","https://sawa9ly.app/category/9?page=8","","Pack 3Pcs Cabas Sac a Dos et Pochette en Tissue Imperméable Beige","3,500 دج","+ أضف إلى السلة","https://sawaqli.fra1.cdn.digitaloceanspaces.com/36290/Cabas-Black-12.jpg"
"1786187772-12","https://sawa9ly.app/category/9?page=8","","Fashion Black Sac de poitrine décontracté pour hommes avec bandoulière LX068 - Bleu","2,300 دج","+ أضف إلى السلة","https://sawaqli.fra1.cdn.digitaloceanspaces.com/27377/Fashion-Black-13.jpg"
"1786187772-13","https://sawa9ly.app/category/9?page=8","","Fashion Black Sac de poitrine décontracté pour hommes avec bandoulière LX068 - Gris","2,300 دج","+ أضف إلى السلة","https://sawaqli.fra1.cdn.digitaloceanspaces.com/27376/Fashion-Black-14.jpg"
"1786187772-14","https://sawa9ly.app/category/9?page=8","","Fashion Black Sac de poitrine décontracté pour hommes avec bandoulière LX068 - Noir","2,300 دج","+ أضف إلى السلة","https://sawaqli.fra1.cdn.digitaloceanspaces.com/27366/Fashion-Black-cnc-1-(1).jpg"
"1786187772-15","https://sawa9ly.app/category/9?page=8","","Sac à Dos orthopédique d’école primaire et Tablet LCD pour Enfants Cadeau - Bleu","3,000 دج","+ أضف إلى السلة","https://sawaqli.fra1.cdn.digitaloceanspaces.com/26172/Pack-Sac-Tablet-bleu.jpg"
"1786187772-16","https://sawa9ly.app/category/9?page=8","","Sac à Dos orthopédique d’école primaire et Tablet LCD pour Enfants Cadeau - Rouge","3,000 دج","+ أضف إلى السلة","https://sawaqli.fra1.cdn.digitaloceanspaces.com/25666/Pack-Sac-Tablet.jpg"
"1786187772-17","https://sawa9ly.app/category/9?page=8","","Ensemble scolaire CLBD Bag 4 en 1 sac à dos, sac, trousse , trousse à crayons - Rose","2,250 دج","+ أضف إلى السلة","https://sawaqli.fra1.cdn.digitaloceanspaces.com/25442/O1CN01f5lQs91e8MAVKBGX0_!!2924663826-0-cib.jpg"
"1786187772-18","https://sawa9ly.app/category/9?page=8","","3 PCS Sac à dos multifonctionnel Avec Sortie USB ET Sortie kit-man - Gris","1,700 دج","+ أضف إلى السلة","https://sawaqli.fra1.cdn.digitaloceanspaces.com/25306/O1CN01zcQ92N20B29nx8ubS_!!2200695866810-0-cib.jpg"
"1786187772-19","https://sawa9ly.app/category/9?page=8","","3 PCS Sac à dos multifonctionnel Avec Sortie USB ET Sortie kit-man - Grenat","1,700 دج","+ أضف إلى السلة","https://sawaqli.fra1.cdn.digitaloceanspaces.com/25305/Joy-star-red-4.jpg"
"1786187772-20","https://sawa9ly.app/category/9?page=8","","3 PCS Sac à dos multifonctionnel Avec Sortie USB ET Sortie kit-man - Noir","1,700 دج","+ أضف إلى السلة","https://sawaqli.fra1.cdn.digitaloceanspaces.com/25303/WhatsApp-Image-2022-04-27-at-02.26.13-3-600x600.jpg"
"1786187767-1","https://sawa9ly.app/category/9?page=7","","Sac à Dos pour Enfants avec Trousse Assortie 2504 Bleu Nuit – حقيبة ظهر مدرسية للأطفال مع مقلمة أزرق غامق","2,250 دج","+ أضف إلى السلة","https://sawaqli.fra1.cdn.digitaloceanspaces.com/52929/Sac-a-dos-2504-Bleu-cnc.jpg"
"1786187767-2","https://sawa9ly.app/category/9?page=7","","Sac à Dos pour Enfants avec Trousse Assortie 2504 Rose – حقيبة ظهر مدرسية للأطفال مع مقلمة وردي","2,050 دج","+ أضف إلى السلة","https://sawaqli.fra1.cdn.digitaloceanspaces.com/52922/Sac-a-dos-2504-rose-cnc.jpg"
"1786187767-3","https://sawa9ly.app/category/9?page=7","","Sac à Dos pour Enfants avec Trousse Assortie 2504 Vert – حقيبة ظهر مدرسية للأطفال مع مقلمة أخضر","2,050 دج","+ أضف إلى السلة","https://sawaqli.fra1.cdn.digitaloceanspaces.com/52880/Sac-a-dos-2504-VertB-cnc.jpg"
"1786187767-4","https://sawa9ly.app/category/9?page=7","","Sac à Dos pour Enfants avec Trousse Assortie 2504 Mauve – حقيبة ظهر مدرسية للأطفال مع مقلمة بنفسجي","2,050 دج","+ أضف إلى السلة","https://sawaqli.fra1.cdn.digitaloceanspaces.com/52865/Sac-a-dos-2504-CNC.jpg"
"1786187767-5","https://sawa9ly.app/category/9?page=7","","Sac à Dos pour Enfants avec Trousse Assortie 2605 Rose – حقيبة ظهر مدرسية للأطفال مع مقلمة وردي","2,050 دج","+ أضف إلى السلة","https://sawaqli.fra1.cdn.digitaloceanspaces.com/52858/Sac-a-dos-2605-cnc.jpg"
"1786187767-6","https://sawa9ly.app/category/9?page=7","","Ensemble de sacs d’école Kawai pour adolescents 4Pcs HAOLIDA V1 Rose – محفظة 4 قطع كاواي وردي","2,800 دج","+ أضف إلى السلة","https://sawaqli.fra1.cdn.digitaloceanspaces.com/52810/Sac-Chinois-V12-16.jpg"
"1786187767-7","https://sawa9ly.app/category/9?page=7","","Ensemble de sacs d’école Kawai pour adolescents 4Pcs HAOLIDA V1 Mauve – محفظة 4 قطع كاواي بنفسجي","2,400 دج","+ أضف إلى السلة","https://sawaqli.fra1.cdn.digitaloceanspaces.com/52807/Sac-Chinois-V12-9.jpg"
"1786187767-8","https://sawa9ly.app/category/9?page=7","","Ensemble de sacs d’école Kawai pour adolescents 4Pcs HAOLIDA V1 Bleu – محفظة 4 قطع كاواي أزرق","2,400 دج","+ أضف إلى السلة","https://sawaqli.fra1.cdn.digitaloceanspaces.com/52804/Sac-Chinois-V12-12.jpg"
"1786187767-9","https://sawa9ly.app/category/9?page=7","","Ensemble de sacs d’école Kawai pour adolescents 4Pcs HAOLIDA V1 Noir – محفظة 4 قطع كاواي أسود","2,400 دج","+ أضف إلى السلة","https://sawaqli.fra1.cdn.digitaloceanspaces.com/52801/Sac-Chinois-V12-3.jpg"
"1786187767-10","https://sawa9ly.app/category/9?page=7","","Ensemble de sacs d’école Kawai pour Enfants 2Pcs Avec Pochette Rouge – محفظة 2 قطع كاواي مع محفظة صغيرة أحمر","2,350 دج","+ أضف إلى السلة","https://sawaqli.fra1.cdn.digitaloceanspaces.com/52773/Sac-Chinois-V10-3.jpg"
"1786187767-11","https://sawa9ly.app/category/9?page=7","","Ensemble de sacs d’école Kawai pour Enfants 2Pcs Avec Pochette Marron – محفظة 2 قطع كاواي مع محفظة صغيرة بني","2,350 دج","+ أضف إلى السلة","https://sawaqli.fra1.cdn.digitaloceanspaces.com/52772/Sac-Chinois-V10-10.jpg"
"1786187767-12","https://sawa9ly.app/category/9?page=7","","Ensemble de sacs d’école Kawai pour Enfants 2Pcs Avec Pochette Beige – محفظة 2 قطع كاواي مع محفظة صغيرة بيج","2,350 دج","+ أضف إلى السلة","https://sawaqli.fra1.cdn.digitaloceanspaces.com/52769/Sac-Chinois-V10-2.jpg"
"1786187767-13","https://sawa9ly.app/category/9?page=7","","Ensemble de sacs d’école Kawai pour Enfants 2Pcs Avec Pochette Bleu – محفظة 2 قطع كاواي مع محفظة صغيرة أزرق","2,350 دج","+ أضف إلى السلة","https://sawaqli.fra1.cdn.digitaloceanspaces.com/52767/Sac-Chinois-V10-5.jpg"
"1786187767-14","https://sawa9ly.app/category/9?page=7","","Ensemble de sacs d’école Kawai pour adolescents 4Pcs GUORANCHAO Rose – محفظة 4 قطع كاواي وردي","2,350 دج","+ أضف إلى السلة","https://sawaqli.fra1.cdn.digitaloceanspaces.com/52717/Sac-Chinois-V8-13.jpg"
"1786187767-15","https://sawa9ly.app/category/9?page=7","","Ensemble de sacs d’école Kawai pour adolescents 4Pcs Guiyu V3 Bleu – محفظة 4 قطع كاواي أزرق","2,350 دج","+ أضف إلى السلة","https://sawaqli.fra1.cdn.digitaloceanspaces.com/52699/Sac-Chinois-V7-3.jpg"
"1786187767-16","https://sawa9ly.app/category/9?page=7","","Ensemble de sacs d’école Kawai pour adolescents 5Pcs Guiyu V2 Noir et Gris– محفظة 5 قطع كاواي أسود ورمادي","2,350 دج","+ أضف إلى السلة","https://sawaqli.fra1.cdn.digitaloceanspaces.com/52634/Sac-Chinois-V6-3.jpg"
"1786187767-17","https://sawa9ly.app/category/9?page=7","","Ensemble de sacs d’école Kawai pour adolescents 5Pcs Guiyu V2 Rose – محفظة 5 قطع كاواي وردي","2,350 دج","+ أضف إلى السلة","https://sawaqli.fra1.cdn.digitaloceanspaces.com/52632/Sac-Chinois-V6-9.jpg"
"1786187767-18","https://sawa9ly.app/category/9?page=7","","Ensemble de sacs d’école Kawai pour adolescents 5Pcs Guiyu V2 Noir – محفظة 5 قطع كاواي أسود","2,650 دج","+ أضف إلى السلة","https://sawaqli.fra1.cdn.digitaloceanspaces.com/52630/Sac-Chinois-V6-4.jpg"
"1786187767-19","https://sawa9ly.app/category/9?page=7","","Ensemble de sacs d’école Kawai pour adolescents 5Pcs CLBD V2 Mauve – محفظة 5 قطع كاواي بنفسجي","2,350 دج","+ أضف إلى السلة","https://sawaqli.fra1.cdn.digitaloceanspaces.com/52607/Sac-Chinois-V5-4.jpg"
"1786187767-20","https://sawa9ly.app/category/9?page=7","","Ensemble de sacs d’école Kawai pour adolescents 5Pcs Guiyu V1 Rose – محفظة 5 قطع كاواي وردي","2,350 دج","+ أضف إلى السلة","https://sawaqli.fra1.cdn.digitaloceanspaces.com/52578/Sac-Chinois-V4-10.jpg"
"1786187756-1","https://sawa9ly.app/category/9?page=6","","Sac à Dos Enfant pour École primaire de Haute Qualité Mauve – حقيبة ظهر مدرسية للأطفال بنفسجي","2,650 دج","+ أضف إلى السلة","https://sawaqli.fra1.cdn.digitaloceanspaces.com/53051/Sac-Chinois-V14-12.jpg"
"1786187756-2","https://sawa9ly.app/category/9?page=6","","Sac à Dos Enfant pour École primaire de Haute Qualité Rose – حقيبة ظهر مدرسية للأطفال وردي","2,650 دج","+ أضف إلى السلة","https://sawaqli.fra1.cdn.digitaloceanspaces.com/53047/Sac-Chinois-V14-5.jpg"
"1786187756-3","https://sawa9ly.app/category/9?page=6","","Sac à Dos Enfant pour École primaire de Haute Qualité Bleu – حقيبة ظهر مدرسية للأطفال أزرق","2,650 دج","+ أضف إلى السلة","https://sawaqli.fra1.cdn.digitaloceanspaces.com/53044/Sac-Chinois-V14-3.jpg"
"1786187756-4","https://sawa9ly.app/category/9?page=6","","Sac à Dos Enfant pour École primaire de Haute Qualité Bleu et Rose – حقيبة ظهر مدرسية للأطفال أزرق ووردي","2,650 دج","+ أضف إلى السلة","https://sawaqli.fra1.cdn.digitaloceanspaces.com/53041/Sac-Chinois-V14-0.jpg"
"1786187756-5","https://sawa9ly.app/category/9?page=6","","Sac à Dos Enfant pour École primaire de Haute Qualité Bleu et Vert – حقيبة ظهر مدرسية للأطفال أزرق وأخضر","2,650 دج","+ أضف إلى السلة","https://sawaqli.fra1.cdn.digitaloceanspaces.com/53038/Sac-Chinois-V14-1.jpg"
"1786187756-6","https://sawa9ly.app/category/9?page=6","","Ensemble de sacs d’école Kawai pour adolescents 4Pcs HAOLIDA V2 Rose – محفظة 4 قطع كاواي وردي","2,200 دج","+ أضف إلى السلة","https://sawaqli.fra1.cdn.digitaloceanspaces.com/53023/Sac-Chinois-V13-13.jpg"
"1786187756-7","https://sawa9ly.app/category/9?page=6","","Ensemble de sacs d’école Kawai pour adolescents 4Pcs HAOLIDA V2 Noir – محفظة 4 قطع كاواي أسود","2,400 دج","+ أضف إلى السلة","https://sawaqli.fra1.cdn.digitaloceanspaces.com/53020/Sac-Chinois-V13-2.jpg"
"1786187756-8","https://sawa9ly.app/category/9?page=6","","Ensemble de sacs d’école Kawai pour adolescents 4Pcs HAOLIDA V2 Mauve – محفظة 4 قطع كاواي بنفسجي","2,200 دج","+ أضف إلى السلة","https://sawaqli.fra1.cdn.digitaloceanspaces.com/53017/Sac-Chinois-V13-3.jpg"
"1786187756-9","https://sawa9ly.app/category/9?page=6","","Ensemble de sacs d’école Kawai pour adolescents 4Pcs HAOLIDA V2 Bleu – محفظة 4 قطع كاواي أزرق","2,400 دج","+ أضف إلى السلة","https://sawaqli.fra1.cdn.digitaloceanspaces.com/53014/Sac-Chinois-V13-16.jpg"
"1786187756-10","https://sawa9ly.app/category/9?page=6","","Sac à Dos Scolaire pour Enfants Style Kawaii BoShiKai Noir – حقيبة ظهر مدرسية للأطفال أسود","2,500 دج","+ أضف إلى السلة","https://sawaqli.fra1.cdn.digitaloceanspaces.com/54779/Boshikai-noir-6.jpg"
"1786187756-11","https://sawa9ly.app/category/9?page=6","","Sac à Dos Scolaire pour Enfants Style Kawaii BoShiKai Vert – حقيبة ظهر مدرسية للأطفال أخضر","2,500 دج","+ أضف إلى السلة","https://sawaqli.fra1.cdn.digitaloceanspaces.com/53000/Boshikai-VERT-cnc2.jpg"
"1786187756-12","https://sawa9ly.app/category/9?page=6","","Sac à Dos Scolaire pour Enfants Style Kawaii BoShiKai Mauve – حقيبة ظهر مدرسية للأطفال بنفسجي","2,500 دج","+ أضف إلى السلة","https://sawaqli.fra1.cdn.digitaloceanspaces.com/52993/Boshikai-mauve-cnc2.jpg"
"1786187756-13","https://sawa9ly.app/category/9?page=6","","Sac à Dos Scolaire pour Enfants Style Kawaii BoShiKai Rose – حقيبة ظهر مدرسية للأطفال وردي","2,500 دج","+ أضف إلى السلة","https://sawaqli.fra1.cdn.digitaloceanspaces.com/52986/Boshikai-ROSE-CNC2.jpg"
"1786187756-14","https://sawa9ly.app/category/9?page=6","","Sac à Dos Scolaire pour Enfants SUNDAY Rose – حقيبة ظهر مدرسية للأطفال وردي","2,600 دج","+ أضف إلى السلة","https://sawaqli.fra1.cdn.digitaloceanspaces.com/52975/Sunday-7-ROSE-1.jpg"
"1786187756-15","https://sawa9ly.app/category/9?page=6","","Sac à Dos Scolaire pour Enfants SUNDAY Rose et Bleu – حقيبة ظهر مدرسية للأطفال وردي وأزرق","2,600 دج","+ أضف إلى السلة","https://sawaqli.fra1.cdn.digitaloceanspaces.com/52972/Sunday-7-Bleu-et-ROSE-2.jpg"
"1786187756-16","https://sawa9ly.app/category/9?page=6","","Sac à Dos Scolaire pour Enfants SUNDAY Bleu – حقيبة ظهر مدرسية للأطفال أزرق","2,600 دج","+ أضف إلى السلة","https://sawaqli.fra1.cdn.digitaloceanspaces.com/52970/Sunday-7-Bleu-2.jpg"
"1786187756-17","https://sawa9ly.app/category/9?page=6","","Sac à Dos pour Enfants avec Trousse Assortie KBAG Mauve – حقيبة ظهر مدرسية للأطفال مع مقلمة بنفسجي","2,000 دج","+ أضف إلى السلة","https://sawaqli.fra1.cdn.digitaloceanspaces.com/52957/Sac-a-dos-KBAG-mauve-CNC.jpg"
"1786187756-18","https://sawa9ly.app/category/9?page=6","","Sac à Dos pour Enfants avec Trousse Assortie KBAG Bleu Nuit V2 – حقيبة ظهر مدرسية للأطفال مع مقلمة أزرق ليلي","2,000 دج","+ أضف إلى السلة","https://sawaqli.fra1.cdn.digitaloceanspaces.com/52950/Sac-a-dos-KBAG-BleuV2-CNC.jpg"
"1786187756-19","https://sawa9ly.app/category/9?page=6","","Sac à Dos pour Enfants avec Trousse Assortie KBAG Bleu Nuit V1 – حقيبة ظهر مدرسية للأطفال مع مقلمة أزرق ليلي","2,000 دج","+ أضف إلى السلة","https://sawaqli.fra1.cdn.digitaloceanspaces.com/52943/Sac-a-dos-KBAG-BleuV1-cnc.jpg"
"1786187756-20","https://sawa9ly.app/category/9?page=6","","Sac à Dos pour Enfants avec Trousse Assortie KBAG Beige – حقيبة ظهر مدرسية للأطفال مع مقلمة بيج","2,000 دج","+ أضف إلى السلة","https://sawaqli.fra1.cdn.digitaloceanspaces.com/52936/Sac-a-dos-KBAG-BEIGE-cnc.jpg"
"1786187751-1","https://sawa9ly.app/category/9?page=5","","Sac à dos Bicolore Style Coréen Unisexe 127772-2 Rose – محفظة ظهر للكبار وردي","1,650 دج","+ أضف إلى السلة","https://sawaqli.fra1.cdn.digitaloceanspaces.com/54042/127772-2-4.jpg"
"1786187751-2","https://sawa9ly.app/category/9?page=5","","Sac à dos homme avec sac bandoulière et trousse 3en1 rouge 127772-5 – محفظة ظهر رجالية 3 قطع أحمر","1,450 دج","+ أضف إلى السلة","https://sawaqli.fra1.cdn.digitaloceanspaces.com/53948/127772-5-3-1.jpg"
"1786187751-3","https://sawa9ly.app/category/9?page=5","","Sac à dos homme avec sac bandoulière et trousse 3en1 noir 127772-5 – محفظة ظهر رجالية 3 قطع أسود","1,750 دج","+ أضف إلى السلة","https://sawaqli.fra1.cdn.digitaloceanspaces.com/53922/127772-5-2-1.jpg"
"1786187751-4","https://sawa9ly.app/category/9?page=5","","Ensemble de sacs d’école Kawai pour adolescents 4Pcs CLBD V4 Gris – محفظة 4 قطع كاواي رمادي","2,150 دج","+ أضف إلى السلة","https://sawaqli.fra1.cdn.digitaloceanspaces.com/53914/Sac-Chinois-V19-8.jpg"
"1786187751-5","https://sawa9ly.app/category/9?page=5","","Ensemble de sacs d’école Kawai pour adolescents 4Pcs CLBD V4 Vert – محفظة 4 قطع كاواي أخضر","2,150 دج","+ أضف إلى السلة","https://sawaqli.fra1.cdn.digitaloceanspaces.com/53905/Sac-Chinois-V19-5-(1).jpg"
"1786187751-6","https://sawa9ly.app/category/9?page=5","","Ensemble de sacs d’école Kawai pour Enfants 2Pcs Avec Pochette Rose – محفظة 2 قطع كاواي مع محفظة صغيرة وردي","2,550 دج","+ أضف إلى السلة","https://sawaqli.fra1.cdn.digitaloceanspaces.com/53619/Sac-Chinois-V10-14.jpg"
"1786187751-7","https://sawa9ly.app/category/9?page=5","","Ensemble de sacs d’école Kawai pour Enfants 2Pcs Avec Pochette Bleu Ciel – محفظة 2 قطع كاواي مع محفظة صغيرة أزرق فاتح","2,350 دج","+ أضف إلى السلة","https://sawaqli.fra1.cdn.digitaloceanspaces.com/53616/Sac-Chinois-V10-12.jpg"
"1786187751-8","https://sawa9ly.app/category/9?page=5","","Ensemble de sacs d’école Kawai pour adolescents 4Pcs CLBD V3 Bleu – محفظة 4 قطع كاواي أزرق","2,350 دج","+ أضف إلى السلة","https://sawaqli.fra1.cdn.digitaloceanspaces.com/54133/Sac-Chinois-V18-4.jpg"
"1786187751-9","https://sawa9ly.app/category/9?page=5","","Ensemble de sacs d’école Kawai pour adolescents 3Pcs Language Jaune – محفظة 3 قطع كاواي أصفر","2,250 دج","+ أضف إلى السلة","https://sawaqli.fra1.cdn.digitaloceanspaces.com/53523/Sac-Chinois-V17-9.jpg"
"1786187751-10","https://sawa9ly.app/category/9?page=5","","Ensemble de sacs d’école Kawai pour adolescents 3Pcs Language Noir – محفظة 3 قطع كاواي أسود","2,250 دج","+ أضف إلى السلة","https://sawaqli.fra1.cdn.digitaloceanspaces.com/53499/Sac-Chinois-V17-2.jpg"
"1786187751-11","https://sawa9ly.app/category/9?page=5","","Ensemble de sacs d’école Kawai pour adolescents 3Pcs Language Rose – محفظة 3 قطع كاواي وردي","2,250 دج","+ أضف إلى السلة","https://sawaqli.fra1.cdn.digitaloceanspaces.com/53479/Sac-Chinois-V17-14.jpg"
"1786187751-12","https://sawa9ly.app/category/9?page=5","","Ensemble de sacs d’école Kawai pour adolescents 3Pcs Language Marron – محفظة 3 قطع كاواي بني","2,250 دج","+ أضف إلى السلة","https://sawaqli.fra1.cdn.digitaloceanspaces.com/53473/Sac-Chinois-V17-13.jpg"
"1786187751-13","https://sawa9ly.app/category/9?page=5","","Ensemble de sacs d’école Kawai pour adolescents 3Pcs Ours Mauve – محفظة 3 قطع كاواي بنفسجي","2,250 دج","+ أضف إلى السلة","https://sawaqli.fra1.cdn.digitaloceanspaces.com/53469/Sac-Chinois-V16-4.jpg"
"1786187751-14","https://sawa9ly.app/category/9?page=5","","Ensemble de sacs d’école Kawai pour adolescents 3Pcs Ours Noir – محفظة 3 قطع كاواي أسود","2,250 دج","+ أضف إلى السلة","https://sawaqli.fra1.cdn.digitaloceanspaces.com/53466/Sac-Chinois-V16-9.jpg"
"1786187751-15","https://sawa9ly.app/category/9?page=5","","Ensemble de sacs d’école Kawai pour adolescents 3Pcs Ours Beige – محفظة 3 قطع كاواي بيج","2,250 دج","+ أضف إلى السلة","https://sawaqli.fra1.cdn.digitaloceanspaces.com/53462/Sac-Chinois-V16-10.jpg"
"1786187751-16","https://sawa9ly.app/category/9?page=5","","Ensemble de sacs d’école Kawai pour adolescents 3Pcs Ours Rose – محفظة 3 قطع كاواي وردي","2,250 دج","+ أضف إلى السلة","https://sawaqli.fra1.cdn.digitaloceanspaces.com/53459/Sac-Chinois-V16-3.jpg"
"1786187751-17","https://sawa9ly.app/category/9?page=5","","Sacs à dos d’école Style Décontracté Milkshake Mauve – حقيبة ظهر مدرسية بنفسجي","2,450 دج","+ أضف إلى السلة","https://sawaqli.fra1.cdn.digitaloceanspaces.com/53151/Fashion-Cup-mauve-cnc.jpg"
"1786187751-18","https://sawa9ly.app/category/9?page=5","","Sacs à dos d’école Style Décontracté Milkshake Rose – حقيبة ظهر مدرسية وردي","2,450 دج","+ أضف إلى السلة","https://sawaqli.fra1.cdn.digitaloceanspaces.com/53139/Fashion-Cup-rose-cnc.jpg"
"1786187751-19","https://sawa9ly.app/category/9?page=5","","Sacs à dos d’école Style Décontracté XHD Vert- حقيبة ظهر مدرسية أخضر","2,350 دج","+ أضف إلى السلة","https://sawaqli.fra1.cdn.digitaloceanspaces.com/53076/Sac-Chinois-V15-16.jpg"
"1786187751-20","https://sawa9ly.app/category/9?page=5","","Sacs à dos d’école Style Décontracté XHD Rose – حقيبة ظهر مدرسية وردي","2,350 دج","+ أضف إلى السلة","https://sawaqli.fra1.cdn.digitaloceanspaces.com/53073/Sac-Chinois-V15-15.jpg"
"1786187745-1","https://sawa9ly.app/category/9?page=4","","Ensemble de Sacs Snorlax 3Pcs Design Kawaii Noir – حقيبة مدرسية 3 قطع لون أسود","2,350 دج","+ أضف إلى السلة","https://sawaqli.fra1.cdn.digitaloceanspaces.com/56632/Rose-Language-12.jpg"
"1786187745-2","https://sawa9ly.app/category/9?page=4","","Ensemble de Sacs Snorlax 3Pcs Design Kawaii Vert – حقيبة مدرسية 3 قطع لون أخضر","2,350 دج","+ أضف إلى السلة","https://sawaqli.fra1.cdn.digitaloceanspaces.com/56631/Rose-Language-16.jpg"
"1786187745-3","https://sawa9ly.app/category/9?page=4","","Ensemble de Sacs Snorlax 3Pcs Design Kawaii Marron – حقيبة مدرسية 3 قطع لون بني","2,350 دج","+ أضف إلى السلة","https://sawaqli.fra1.cdn.digitaloceanspaces.com/56622/Rose-Language-4.jpg"
"1786187745-4","https://sawa9ly.app/category/9?page=4","","Ensemble de Sacs Snorlax 3Pcs Design Kawaii Rose- حقيبة مدرسية 3 قطع لون وردي","2,350 دج","+ أضف إلى السلة","https://sawaqli.fra1.cdn.digitaloceanspaces.com/56616/Rose-Language-9.jpg"
"1786187745-5","https://sawa9ly.app/category/9?page=4","","Ensemble de sacs d’école Kawai pour adolescents 5Pcs YISIYUAN Rose – محفظة 5 قطع كاواي وردي","2,250 دج","+ أضف إلى السلة","https://sawaqli.fra1.cdn.digitaloceanspaces.com/55707/sac-chinois-v22-1.jpg"
"1786187745-6","https://sawa9ly.app/category/9?page=4","","Sac à Dos Scolaire Orthopédique pour Enfants Xiao Wang Ya Rose- محفظة مدرسية للأطفال وردي","2,650 دج","+ أضف إلى السلة","https://sawaqli.fra1.cdn.digitaloceanspaces.com/55065/Xiao-Wang-Ya-2-600x600.jpg"
"1786187745-7","https://sawa9ly.app/category/9?page=4","","Sac à Dos Scolaire Orthopédique pour Enfants Xiao Wang Ya Mauve – محفظة مدرسية للأطفال بنفسجي","2,650 دج","+ أضف إلى السلة","https://sawaqli.fra1.cdn.digitaloceanspaces.com/55061/Xiao-Wang-Ya-8-600x600.jpg"
"1786187745-8","https://sawa9ly.app/category/9?page=4","","Sac à Dos Scolaire Orthopédique pour Enfants Xiao Wang Ya Bleu et Vert – محفظة مدرسية للأطفال أزرق وأخضر","2,650 دج","+ أضف إلى السلة","https://sawaqli.fra1.cdn.digitaloceanspaces.com/55058/Xiao-Wang-Ya-4-600x600.jpg"
"1786187745-9","https://sawa9ly.app/category/9?page=4","","Sac à Dos Scolaire Orthopédique pour Enfants Xiao Wang Ya Bleu et rouge – محفظة مدرسية للأطفال أزرق وأحمر","2,650 دج","+ أضف إلى السلة","https://sawaqli.fra1.cdn.digitaloceanspaces.com/55055/Xiao-Wang-Ya-6-600x600.jpg"
"1786187745-10","https://sawa9ly.app/category/9?page=4","","Sac à Dos Enfant Ludique avec Plusieurs Compartiment et un Peluche LM-5122 Bleu Nuit et Mauve – حقيبة ظهر للأطفال أزرق ليلي وبنفسجي","2,750 دج","+ أضف إلى السلة","https://sawaqli.fra1.cdn.digitaloceanspaces.com/54902/LM-5122-5-600x600.jpg"
"1786187745-11","https://sawa9ly.app/category/9?page=4","","Sac à Dos Enfant Ludique avec Plusieurs Compartiment et un Peluche LM-5122 Marron – حقيبة ظهر للأطفال بني","2,750 دج","+ أضف إلى السلة","https://sawaqli.fra1.cdn.digitaloceanspaces.com/54899/LM-5122-4-600x600.jpg"
"1786187745-12","https://sawa9ly.app/category/9?page=4","","Sac à Dos Enfant Ludique avec Plusieurs Compartiment et un Peluche LM-5122 Rose – حقيبة ظهر للأطفال وردي","2,750 دج","+ أضف إلى السلة","https://sawaqli.fra1.cdn.digitaloceanspaces.com/54895/LM-5122-2-600x600.jpg"
"1786187745-13","https://sawa9ly.app/category/9?page=4","","Sac à Dos Enfant Ludique avec Plusieurs Compartiment et un Peluche LM-5122 Mauve – حقيبة ظهر للأطفال بنفسجي","2,750 دج","+ أضف إلى السلة","https://sawaqli.fra1.cdn.digitaloceanspaces.com/54894/LM-5122-3.jpg"
"1786187745-14","https://sawa9ly.app/category/9?page=4","","Sac à Dos Enfant pour École primaire de Haute Qualité Marron – حقيبة ظهر مدرسية للأطفال بني","2,850 دج","+ أضف إلى السلة","https://sawaqli.fra1.cdn.digitaloceanspaces.com/54841/Sac-Chinois-V14-23.jpg"
"1786187745-15","https://sawa9ly.app/category/9?page=4","","Sac à Dos Scolaire pour Enfants Style Kawaii BoShiKai Jaune – حقيبة ظهر مدرسية للأطفال أصفر","2,500 دج","+ أضف إلى السلة","https://sawaqli.fra1.cdn.digitaloceanspaces.com/54780/Boshikai-jaune-5.jpg"
"1786187745-16","https://sawa9ly.app/category/9?page=4","","Sac à Dos Scolaire Orthopédique pour Enfants X-SHUAIQI Rose et Bleu – محفظة مدرسية للأطفال وردي وأزرق","3,100 دج","+ أضف إلى السلة","https://sawaqli.fra1.cdn.digitaloceanspaces.com/54313/ShuaiQi-12.jpg"
"1786187745-17","https://sawa9ly.app/category/9?page=4","","Sac à Dos Scolaire Orthopédique pour Enfants X-SHUAIQI Rose – محفظة مدرسية للأطفال وردي","3,100 دج","+ أضف إلى السلة","https://sawaqli.fra1.cdn.digitaloceanspaces.com/54308/ShuaiQi-7.jpg"
"1786187745-18","https://sawa9ly.app/category/9?page=4","","Sac à Dos Scolaire Orthopédique pour Enfants X-SHUAIQI Mauve – محفظة مدرسية للأطفال بنفسجي","3,100 دج","+ أضف إلى السلة","https://sawaqli.fra1.cdn.digitaloceanspaces.com/54305/ShuaiQi-18.jpg"
"1786187745-19","https://sawa9ly.app/category/9?page=4","","Sac à Dos Scolaire Orthopédique pour Enfants X-SHUAIQI Bleu – محفظة مدرسية للأطفال أزرق","3,100 دج","+ أضف إلى السلة","https://sawaqli.fra1.cdn.digitaloceanspaces.com/54303/ShuaiQi-9-600x600.jpg"
"1786187745-20","https://sawa9ly.app/category/9?page=4","","Sac à dos homme avec sac bandoulière et trousse 3en1 rouge 2755-8 – محفظة ظهر رجالية 3 قطع أحمر","1,800 دج","+ أضف إلى السلة","https://sawaqli.fra1.cdn.digitaloceanspaces.com/54078/2775-8-4-600x600.jpg"
"1786187738-1","https://sawa9ly.app/category/9?page=3","","Sac à Dos Scolaire Style Kawaii Grand Volume Tissu Imperméable Rose SACKDS01RS - حقيبة مدرسية بتصميم كاوايي","2,650 دج","+ أضف إلى السلة","https://sawa9ly.app/storage/76383/1785338904059_6q7w3rqe_rs1.jpeg"
"1786187738-2","https://sawa9ly.app/category/9?page=3","","Sac à Dos Scolaire Style Kawaii Grand Volume Tissu Imperméable Bleu Nuit SACKDS01BLN - حقيبة مدرسية بتصميم كاوايي","2,650 دج","+ أضف إلى السلة","https://sawa9ly.app/storage/76381/1785338725687_ysbczdb6_bl1-(1).jpg"
"1786187738-3","https://sawa9ly.app/category/9?page=3","","Sac à Dos Scolaire Style Kawaii Grand Volume Tissu Imperméable Vert SACKDS01VRT - حقيبة مدرسية بتصميم كاوايي","2,650 دج","+ أضف إلى السلة","https://sawa9ly.app/storage/76379/1785338661991_nmrhsp3a_v1.jpg"
"1786187738-4","https://sawa9ly.app/category/9?page=3","","Sac à Dos Scolaire Style Kawaii Grand Volume Tissu Imperméable Mauve SACKDS01MV - حقيبة مدرسية بتصميم كاوايي","2,650 دج","+ أضف إلى السلة","https://sawa9ly.app/storage/76363/1785338500719_gjjj0x0s_mv1.jpg"
"1786187738-5","https://sawa9ly.app/category/9?page=3","","Sac à Dos Scolaire Style Kawaii Grand Volume avec Peluche Incluse Tissu Imperméable Mauve SACKDS04MV - حقيبة مدرسية بتصميم كاوايي","2,900 دج","+ أضف إلى السلة","https://sawa9ly.app/storage/76360/1785335791256_bav2g1wv_wfvkhsfs.jpg"
"1786187738-6","https://sawa9ly.app/category/9?page=3","","Sac à Dos Scolaire Style Kawaii Grand Volume avec Peluche Incluse Tissu Imperméable Bleu SACKDS04BLG - حقيبة مدرسية بتصميم كاوايي","2,900 دج","+ أضف إلى السلة","https://sawa9ly.app/storage/76358/1785335485604_94hq6owb_sdvkghvsd.jpg"
"1786187738-8","https://sawa9ly.app/category/9?page=3","","Sac à Dos Scolaire Style Kawaii Grand Volume avec Peluche Incluse Tissu Imperméable Bleu et Rose SACKDS04BLF - حقيبة مدرسية بتصميم كاوايي","2,900 دج","+ أضف إلى السلة","https://sawa9ly.app/storage/76354/1785334521584_qwvk2mkp_wfcqjke.jpg"
"1786187738-9","https://sawa9ly.app/category/9?page=3","","Sac à dos rétro en cuir synthétique pour femme marron - حقيبة ظهر نسائية من الجلد","2,400 دج","+ أضف إلى السلة","https://sawa9ly.app/storage/74698/1781689767882_v7dui15x_sac-cuire-marron-cnc.jpg"
"1786187738-11","https://sawa9ly.app/category/9?page=3","","Porte-monnaie mignon à motif dessin animé Stitch pour enfants- محفظة نقود للأطفال","850 دج","+ أضف إلى السلة","https://sawa9ly.app/storage/69864/stitch-bag-cnc.jpg"
"1786187738-12","https://sawa9ly.app/category/9?page=3","","Ensemble de sacs d’école Kawai pour adolescents 4Pcs V3 CLBD Mauve – محفظة 4 قطع كاواي بنفسجي","2,300 دج","+ أضف إلى السلة","https://sawaqli.fra1.cdn.digitaloceanspaces.com/58489/O1CN01MLXC0G1dYAqt0kSQ6_2214754433747-0-cib.jpg"
"1786187738-13","https://sawa9ly.app/category/9?page=3","","Ensemble de sacs d’école Kawai pour adolescents 4Pcs V3 CLBD Rose – محفظة 4 قطع كاواي وردي","2,300 دج","+ أضف إلى السلة","https://sawaqli.fra1.cdn.digitaloceanspaces.com/58486/O1CN01zqG2iY1dYAqqAzrdg_2214754433747-0-cib.jpg"
"1786187738-14","https://sawa9ly.app/category/9?page=3","","Ensemble de sacs d’école Kawai pour adolescents 4Pcs Guiyu V4 Vert – محفظة 4 قطع كاواي أخضر","2,200 دج","+ أضف إلى السلة","https://sawaqli.fra1.cdn.digitaloceanspaces.com/58482/Guiyu-vert.jpg"
"1786187738-15","https://sawa9ly.app/category/9?page=3","","Ensemble de sacs d’école Kawai pour adolescents 5Pcs Guiyu V2 Bleu – محفظة 5 قطع كاواي أزرق","2,350 دج","+ أضف إلى السلة","https://sawaqli.fra1.cdn.digitaloceanspaces.com/57783/Sac-Chinois-V6-16.jpg"
"1786187738-16","https://sawa9ly.app/category/9?page=3","","Ensemble de sacs d’école Kawai pour adolescents 5Pcs Guiyu V2 Mauve – محفظة 5 قطع كاواي بنفسجي","2,350 دج","+ أضف إلى السلة","https://sawaqli.fra1.cdn.digitaloceanspaces.com/57780/Sac-Chinois-V6-12.jpg"
"1786187738-17","https://sawa9ly.app/category/9?page=3","","Grand sac de voyage pliable 23 L avec Sangle Valise – حقيبة كبيرة الحجم قابلة للطي","1,700 دج","+ أضف إلى السلة","https://sawaqli.fra1.cdn.digitaloceanspaces.com/57036/Travel-Happy-cnc.jpg"
"1786187738-18","https://sawa9ly.app/category/9?page=3","","Sac à Dos Enfant Space Design Ludique Multi-Poches Mauve – حقيبة مدرسية للأطفال لون بنفسجي","2,000 دج","+ أضف إلى السلة","https://sawaqli.fra1.cdn.digitaloceanspaces.com/56888/Space-BAG-4.jpg"
"1786187738-19","https://sawa9ly.app/category/9?page=3","","Sac à Dos Enfant Space Design Ludique Multi-Poches Rose – حقيبة مدرسية للأطفال لون وردي","2,000 دج","+ أضف إلى السلة","https://sawaqli.fra1.cdn.digitaloceanspaces.com/56886/Space-BAG-3.jpg"
"1786187738-20","https://sawa9ly.app/category/9?page=3","","Ensemble de Sacs Snorlax 3Pcs Design Kawaii Bleu – حقيبة مدرسية 3 قطع لون أزرق","2,350 دج","+ أضف إلى السلة","https://sawaqli.fra1.cdn.digitaloceanspaces.com/56638/Rose-Language-19.jpg"
"1786187731-1","https://sawa9ly.app/category/9?page=2","","Sac à Dos Multifonctionnel Kawaii Grand Volume Imperméable et Résistant 5Pcs Vert SACKDS10VR - حقيبة ظهر بعدة قطع بتصميم كاوايي","2,900 دج","+ أضف إلى السلة","https://sawa9ly.app/storage/76466/1785673611004_7ihuqeim_1.jpg"
"1786187731-2","https://sawa9ly.app/category/9?page=2","","Sac à Dos Scolaire pour Enfnats U-Shape Bleu SACKDS13BL - حقيبة مدرسية للأطفال","3,300 دج","+ أضف إلى السلة","https://sawa9ly.app/storage/76460/1785667116196_grw0n615_0.jpg"
"1786187731-3","https://sawa9ly.app/category/9?page=2","","Sac à Dos Scolaire Style Kawaii Grand Volume Tissu Imperméable Bleu SACKDS07B - حقيبة مدرسية بتصميم كاوايي","3,000 دج","+ أضف إلى السلة","https://sawa9ly.app/storage/76434/1785594754277_x94o9kq4_1-(1).jpeg"
"1786187731-4","https://sawa9ly.app/category/9?page=2","","Sac à Dos Scolaire pour Enfnats U-Smile Rose SACKDS09RS - حقيبة مدرسية للأطفال","3,300 دج","+ أضف إلى السلة","https://sawa9ly.app/storage/76428/1785665203295_sy0q3i0d_2.jpg"
"1786187731-5","https://sawa9ly.app/category/9?page=2","","Sac à Dos Scolaire pour Enfnats U-Smile Bleu et Vert SACKDS09BV - حقيبة مدرسية للأطفال","3,300 دج","+ أضف إلى السلة","https://sawa9ly.app/storage/76426/1785665413066_oq9pbu47_3.jpg"
"1786187731-6","https://sawa9ly.app/category/9?page=2","","Sac à Dos Scolaire pour Enfnats U-Smile Mauve SACKDS09MV - حقيبة مدرسية للأطفال","3,300 دج","+ أضف إلى السلة","https://sawa9ly.app/storage/76424/1785665475082_e65nanye_4.jpg"
"1786187731-7","https://sawa9ly.app/category/9?page=2","","Sac à Dos Scolaire pour Enfnats U-Smile Bleu et Blanc SACKDS09BB - حقيبة مدرسية للأطفال","3,300 دج","+ أضف إلى السلة","https://sawa9ly.app/storage/76422/1785664813449_hh19lith_1.jpg"
"1786187731-9","https://sawa9ly.app/category/9?page=2","","Sac à Dos Scolaire Style Kawaii Grand Volume Tissu Imperméable Rose et Bleu SACKDS07RSB - حقيبة مدرسية بتصميم كاوايي","3,000 دج","+ أضف إلى السلة","https://sawa9ly.app/storage/76409/1785594209936_3xipi2di_2.jpeg"
"1786187731-10","https://sawa9ly.app/category/9?page=2","","Sac à Dos Scolaire Style Kawaii Grand Volume Tissu Imperméable Rose SACKDS06RS - حقيبة مدرسية بتصميم كاوايي","3,300 دج","+ أضف إلى السلة","https://sawa9ly.app/storage/76407/1785591644025_3w0ornz0_1.jpeg"
"1786187731-11","https://sawa9ly.app/category/9?page=2","","Sac à Dos Scolaire Style Kawaii Grand Volume Tissu Imperméable Bleu et Vert SACKDS06BV - حقيبة مدرسية بتصميم كاوايي","3,300 دج","+ أضف إلى السلة","https://sawa9ly.app/storage/76406/1785591136177_2on8u9a2_2.jpeg"
"1786187731-12","https://sawa9ly.app/category/9?page=2","","Sacs à dos Scolaire Style Décontracté Mauve SACKDS05MV - حقيبة ظهر مدرسية","2,450 دج","+ أضف إلى السلة","https://sawa9ly.app/storage/76404/1785587632452_9360k0mv_2.jpeg"
"1786187731-13","https://sawa9ly.app/category/9?page=2","","Sacs à dos Scolaire Style Décontracté Bleu Ciel SACKDS05BLC - حقيبة ظهر مدرسية","2,450 دج","+ أضف إلى السلة","https://sawa9ly.app/storage/76402/1785587436591_1z9rujri_4.jpeg"
"1786187731-14","https://sawa9ly.app/category/9?page=2","","Sacs à dos Scolaire Style Décontracté Noir SACKDS05N - حقيبة ظهر مدرسية","2,450 دج","+ أضف إلى السلة","https://sawa9ly.app/storage/76400/1785587271319_hfpgi5xo_3.jpeg"
"1786187731-15","https://sawa9ly.app/category/9?page=2","","Sacs à dos Scolaire Style Décontracté Beige SACKDS05BG - حقيبة ظهر مدرسية","2,450 دج","+ أضف إلى السلة","https://sawa9ly.app/storage/76398/1785586686901_syntrwro_5.jpeg"
"1786187731-16","https://sawa9ly.app/category/9?page=2","","Sacs à dos Scolaire Style Décontracté Rose SACKDS05RS - حقيبة ظهر مدرسية","2,450 دج","+ أضف إلى السلة","https://sawa9ly.app/storage/76396/1785581851287_uj5cgxi6_1.jpeg"
"1786187731-17","https://sawa9ly.app/category/9?page=2","","Sac à Dos Scolaire Style Kawaii Grand Volume Tissu Imperméable Mauve SACKDS08MV - حقيبة مدرسية بتصميم كاوايي","3,350 دج","+ أضف إلى السلة","https://sawa9ly.app/storage/76394/1785577728295_7nqjao2c_4.jpeg"
"1786187731-18","https://sawa9ly.app/category/9?page=2","","Sac à Dos Scolaire Style Kawaii Grand Volume Tissu Imperméable ROSE SACKDS08RS - حقيبة مدرسية بتصميم كاوايي","3,350 دج","+ أضف إلى السلة","https://sawa9ly.app/storage/76392/1785577583176_2j2al3ft_1.jpeg"
"1786187731-19","https://sawa9ly.app/category/9?page=2","","Sac à Dos Scolaire Style Kawaii Grand Volume Tissu Imperméable Bleu Nuit SACKDS08BLN - حقيبة مدرسية بتصميم كاوايي","3,350 دج","+ أضف إلى السلة","https://sawa9ly.app/storage/76390/1785577480028_ercvcj5w_2.jpeg"
"1786187731-20","https://sawa9ly.app/category/9?page=2","","Sac à Dos Scolaire Style Kawaii Grand Volume Tissu Imperméable Vert SACKDS08VT - حقيبة مدرسية بتصميم كاوايي","3,350 دج","+ أضف إلى السلة","https://sawa9ly.app/storage/76388/1785577143223_9xsyaok3_3.jpeg"
"1786187725-1","https://sawa9ly.app/category/9","","Sac à Dos Multifonctionnel Kawaii Grand Volume Imperméable et Résistant 5Pcs Noir SACKDS14N - حقيبة ظهر بعدة قطع بتصميم كاوايي","2,900 دج","+ أضف إلى السلة","https://sawa9ly.app/storage/76631/1785855355712_jsjvqfyq_2.jpg"
"1786187725-2","https://sawa9ly.app/category/9","","Sac à Dos Multifonctionnel Kawaii Grand Volume Imperméable et Résistant 5Pcs Rose SACKDS14RS - حقيبة ظهر بعدة قطع بتصميم كاوايي","2,900 دج","+ أضف إلى السلة","https://sawa9ly.app/storage/76627/1785855300513_3flwzie4_3.jpg"
"1786187725-3","https://sawa9ly.app/category/9","","Sac à Dos Multifonctionnel Kawaii Grand Volume Imperméable et Résistant 5Pcs Bleu SACKDS14BL - حقيبة ظهر بعدة قطع بتصميم كاوايي","2,900 دج","+ أضف إلى السلة","https://sawa9ly.app/storage/76623/1785854981804_xn3b8eze_1.jpg"
"1786187725-4","https://sawa9ly.app/category/9","","Sac à Dos Multifonctionnel Kawaii Grand Volume Imperméable et Résistant 4Pcs Bleu et Beige SACKDS02B - حقيبة ظهر بعدة قطع بتصميم كاوايي","2,600 دج","+ أضف إلى السلة","https://sawa9ly.app/storage/76619/1785922213578_lvn62uox_1.jpg"
"1786187725-5","https://sawa9ly.app/category/9","","Sac à Dos Multifonctionnel Kawaii Grand Volume Imperméable et Résistant 4Pcs Mauve SACKDS02MV - حقيبة ظهر بعدة قطع بتصميم كاوايي","2,600 دج","+ أضف إلى السلة","https://sawa9ly.app/storage/76615/1785922004539_kavdrfmo_3.jpg"
"1786187725-6","https://sawa9ly.app/category/9","","Sac à Dos Multifonctionnel Kawaii Grand Volume Imperméable et Résistant 4Pcs Bleu et Rose SACKDS02BRS - حقيبة ظهر بعدة قطع بتصميم كاوايي","2,600 دج","+ أضف إلى السلة","https://sawa9ly.app/storage/76611/1785921717947_ptyjulrn_4-(1).jpg"
"1786187725-7","https://sawa9ly.app/category/9","","Sac à Dos Multifonctionnel Kawaii Grand Volume Imperméable et Résistant 4Pcs Noir SACKDS02N - حقيبة ظهر بعدة قطع بتصميم كاوايي","2,600 دج","+ أضف إلى السلة","https://sawa9ly.app/storage/76607/1785921637699_d2ussgqm_2.jpg"
"1786187725-8","https://sawa9ly.app/category/9","","Sac à Dos Multifonctionnel Kawaii Grand Volume Imperméable et Résistant 4Pcs Noir SACKDS12N - حقيبة ظهر بعدة قطع بتصميم كاوايي","2,900 دج","+ أضف إلى السلة","https://sawa9ly.app/storage/76527/1785680146269_4hampht8_4-(2).jpg"
"1786187725-9","https://sawa9ly.app/category/9","","Sac à Dos Multifonctionnel Kawaii Grand Volume Imperméable et Résistant 4Pcs Bleu SACKDS12BL - حقيبة ظهر بعدة قطع بتصميم كاوايي","2,900 دج","+ أضف إلى السلة","https://sawa9ly.app/storage/76523/1785679974665_b7jz4gbm_3.jpg"
"1786187725-10","https://sawa9ly.app/category/9","","Sac à Dos Multifonctionnel Kawaii Grand Volume Imperméable et Résistant 4Pcs Mauve SACKDS12MV - حقيبة ظهر بعدة قطع بتصميم كاوايي","2,900 دج","+ أضف إلى السلة","https://sawa9ly.app/storage/76519/1785679884337_qa4wczru_2.jpg"
"1786187725-11","https://sawa9ly.app/category/9","","Sac à Dos Multifonctionnel Kawaii Grand Volume Imperméable et Résistant 4Pcs Rose SACKDS12RS - حقيبة ظهر بعدة قطع بتصميم كاوايي","2,900 دج","+ أضف إلى السلة","https://sawa9ly.app/storage/76515/1785679422001_likz6heb_1.jpg"
"1786187725-12","https://sawa9ly.app/category/9","","Sac à Dos Multifonctionnel Kawaii Grand Volume Imperméable et Résistant 5Pcs Noir SACKDS11N - حقيبة ظهر بعدة قطع بتصميم كاوايي","2,900 دج","+ أضف إلى السلة","https://sawa9ly.app/storage/76511/1785677923722_4fpqbhgq_5.jpg"
"1786187725-13","https://sawa9ly.app/category/9","","Sac à Dos Multifonctionnel Kawaii Grand Volume Imperméable et Résistant 5Pcs Bleu SACKDS11BL - حقيبة ظهر بعدة قطع بتصميم كاوايي","2,900 دج","+ أضف إلى السلة","https://sawa9ly.app/storage/76507/1785677069872_mhqa17lx_1.jpg"
"1786187725-14","https://sawa9ly.app/category/9","","Sac à Dos Multifonctionnel Kawaii Grand Volume Imperméable et Résistant 5Pcs Mauve SACKDS11MV - حقيبة ظهر بعدة قطع بتصميم كاوايي","2,900 دج","+ أضف إلى السلة","https://sawa9ly.app/storage/76503/1785676993080_ez2klyco_2-(2).jpg"
"1786187725-15","https://sawa9ly.app/category/9","","Sac à Dos Multifonctionnel Kawaii Grand Volume Imperméable et Résistant 5Pcs Vert SACKDS11VR - حقيبة ظهر بعدة قطع بتصميم كاوايي","2,900 دج","+ أضف إلى السلة","https://sawa9ly.app/storage/76499/1785676752631_ecdynbte_4-(2).jpeg"
"1786187725-16","https://sawa9ly.app/category/9","","Sac à Dos Multifonctionnel Kawaii Grand Volume Imperméable et Résistant 5Pcs Rose SACKDS11RS - حقيبة ظهر بعدة قطع بتصميم كاوايي","2,900 دج","+ أضف إلى السلة","https://sawa9ly.app/storage/76495/1785676448808_lpw6132o_3.jpg"
"1786187725-17","https://sawa9ly.app/category/9","","Sac à Dos Multifonctionnel Kawaii Grand Volume Imperméable et Résistant 5Pcs Noir SACKDS10N - حقيبة ظهر بعدة قطع بتصميم كاوايي","2,900 دج","+ أضف إلى السلة","https://sawa9ly.app/storage/76489/1785674540222_xx1achbn_3.jpg"
"1786187725-18","https://sawa9ly.app/category/9","","Sac à Dos Multifonctionnel Kawaii Grand Volume Imperméable et Résistant 5Pcs Bleu SACKDS10BL - حقيبة ظهر بعدة قطع بتصميم كاوايي","2,900 دج","+ أضف إلى السلة","https://sawa9ly.app/storage/76485/1785674461701_9z17lqch_4.jpg"
"1786187725-19","https://sawa9ly.app/category/9","","Sac à Dos Multifonctionnel Kawaii Grand Volume Imperméable et Résistant 5Pcs Rouge SACKDS10RG - حقيبة ظهر بعدة قطع بتصميم كاوايي","2,900 دج","+ أضف إلى السلة","https://sawa9ly.app/storage/76481/1785674117297_hza01s6d_2.jpg"
"1786187725-20","https://sawa9ly.app/category/9","","Sac à Dos Multifonctionnel Kawaii Grand Volume Imperméable et Résistant 5Pcs Rose SACKDS10RS - حقيبة ظهر بعدة قطع بتصميم كاوايي","2,900 دج","+ أضف إلى السلة","https://sawa9ly.app/storage/76475/1785674019737_uzr7nv71_5.jpg"
"1786188211-1","https://sawa9ly.app/category/13?page=10","","Coussin Cervical Gonflable a 3 niveaux","1,450 دج","+ أضف إلى السلة","https://sawaqli.fra1.cdn.digitaloceanspaces.com/5163/3-Layers-Neck-Tractors1.jpg"
"1786188211-2","https://sawa9ly.app/category/13?page=10","","Correcteur Et Ort-hèse De Pied – Blanc","1,200 دج","+ أضف إلى السلة","https://sawaqli.fra1.cdn.digitaloceanspaces.com/5156/vodool-r-correcteurs-d-orteils-orteil-redresseur.jpg"
"1786188211-3","https://sawa9ly.app/category/13?page=10","","جهاز تسبيح رقمي محمول، سبحة صلاة مع عداد رقمي وبوصلة","1,000 دج","+ أضف إلى السلة","https://sawaqli.fra1.cdn.digitaloceanspaces.com/5128/38-cm-2-2.jpg"
"1786188211-4","https://sawa9ly.app/category/13?page=10","","طقم صلاة نسائي 4 قطع برداء فضفاض وسجادة مبطنة مع غلاف للمصحف Kit De Prière 4 Pieces Pour Femmes En Tissu Doux Et Confortable","1,800 دج","+ أضف إلى السلة","https://sawaqli.fra1.cdn.digitaloceanspaces.com/5123/38-cm-3-3.jpg"
"1786188211-5","https://sawa9ly.app/category/13?page=10","","Mini Machine à coudre électrique Portable sans fil","1,350 دج","+ أضف إلى السلة","https://sawaqli.fra1.cdn.digitaloceanspaces.com/5111/336525471_6285178321550113_6613073913199856335_n.jpg"
"1786188211-6","https://sawa9ly.app/category/13?page=10","","Robinet Orientable rotatif à 1080° à économie d'eau","850 دج","+ أضف إلى السلة","https://sawaqli.fra1.cdn.digitaloceanspaces.com/5105/1-16.jpg"
"1786188211-7","https://sawa9ly.app/category/13?page=10","","Organisateur de médicaments et bouteille d'eau portable 600ML","1,500 دج","+ أضف إلى السلة","https://sawaqli.fra1.cdn.digitaloceanspaces.com/5077/63f9f8841ea22c2d84707bf883b58e55.jpg"
"1786188211-8","https://sawa9ly.app/category/13?page=10","","Lampe led en cristal Diamant style RGB 16 Couleurs","1,800 دج","+ أضف إلى السلة","https://sawaqli.fra1.cdn.digitaloceanspaces.com/5064/Sbd1e14d93b6048a0ab5f46df47cdc190K.jpg_640x640Q90.jpg_.jpg"
"1786188211-9","https://sawa9ly.app/category/13?page=10","","Câble de charge invisible avec support intégré charge ultra rapide 240 W – كابل شحن سريع وحامل هواتف","2,200 دج","هذا المنتج غير متوفر حاليًا","https://sawa9ly.app/storage/67772/Data-Cable-C-TO-C-2.jpg"
"1786188211-10","https://sawa9ly.app/category/13?page=10","","BSCUIT-ML","1,950 دج","+ أضف إلى السلة","https://sawaqli.fra1.cdn.digitaloceanspaces.com/37147/Machine-a-Biscuit-(1).jpg"
"1786188206-1","https://sawa9ly.app/category/13?page=9","","Gants de Moto antidérapants demi-doigt v2","1,500 دج","+ أضف إلى السلة","https://sawaqli.fra1.cdn.digitaloceanspaces.com/20160/gant-547.jpg"
"1786188206-2","https://sawa9ly.app/category/13?page=9","","Bestway Pavillo CoolMount Tente pour 4 Personnes 240 x 210 x 100cm  ‎68087","14,500 دج","+ أضف إلى السلة","https://sawaqli.fra1.cdn.digitaloceanspaces.com/20110/Bestway-tente-68087-5-1.jpg"
"1786188206-3","https://sawa9ly.app/category/13?page=9","","Sac de rangement pour chaussures imperméables a double Ouverture V2","1,550 دج","+ أضف إلى السلة","https://sawaqli.fra1.cdn.digitaloceanspaces.com/19695/9785deb2587848588b6fc49e6571e2856cc22dfa_original.jpg"
"1786188206-4","https://sawa9ly.app/category/13?page=9","","HCHWR-VND1","3,200 دج","+ أضف إلى السلة","https://sawaqli.fra1.cdn.digitaloceanspaces.com/37140/alliage-daluminium.jpg"
"1786188206-5","https://sawa9ly.app/category/13?page=9","","Sac à Lunch cylindrique Thermiques fourre-tout rond en aluminium","1,650 دج","+ أضف إلى السلة","https://sawaqli.fra1.cdn.digitaloceanspaces.com/18147/sac-isotherme-pour-aliments21.jpg"
"1786188206-6","https://sawa9ly.app/category/13?page=9","","Sac de rangement pour chaussures de voyage avec un seul compartiment","950 دج","+ أضف إلى السلة","https://sawaqli.fra1.cdn.digitaloceanspaces.com/18086/bagage-de-voyage.jpg"
"1786188206-7","https://sawa9ly.app/category/13?page=9","","Chargeur de voiture avec 2 USB et 3 allume-cigare 5V","1,500 دج","+ أضف إلى السلة","https://sawaqli.fra1.cdn.digitaloceanspaces.com/17433/Chargeur-de-voiture-2-USB-avec-3-allume-cigare-5V.jpg"
"1786188206-9","https://sawa9ly.app/category/13?page=9","","Compteur de doigt perle Tasbih islamique V2 – جهاز تسبيح رقمي محمول، سبحة صلاة مع عداد رقمي","1,000 دج","+ أضف إلى السلة","https://sawaqli.fra1.cdn.digitaloceanspaces.com/16636/TASBIH-5487EDF.jpg"
"1786188206-10","https://sawa9ly.app/category/13?page=9","","Projecteur LED ciel étoilé pour enfants, lampe de nuit, romantique, coloré RGB","1,250 دج","+ أضف إلى السلة","https://sawaqli.fra1.cdn.digitaloceanspaces.com/16245/Projecteur-LED-ciel-etoile-pour-enfants-lampe-de-nuit-romantique-colore-1.jpg"
"1786188206-11","https://sawa9ly.app/category/13?page=9","","Compteur de doigt perle Tasbih islamique – جهاز تسبيح رقمي محمول، سبحة صلاة مع عداد رقمي","800 دج","+ أضف إلى السلة","https://sawaqli.fra1.cdn.digitaloceanspaces.com/16032/tasbih121.jpg"
"1786188206-12","https://sawa9ly.app/category/13?page=9","","Civière de support lombaire pour massage du dos, planche vertébrale, muscle inférieur et supérieur, instituts oto pour hernie discale","1,450 دج","+ أضف إلى السلة","https://sawaqli.fra1.cdn.digitaloceanspaces.com/15875/Civiere-1.jpg"
"1786188206-13","https://sawa9ly.app/category/13?page=9","","Poncho à capuche Transparent imperméable Pour Adulte protection d’urgence","600 دج","+ أضف إلى السلة","https://sawaqli.fra1.cdn.digitaloceanspaces.com/13886/Manteau-de-pluie-3.jpg"
"1786188206-14","https://sawa9ly.app/category/13?page=9","","Manteau imperméable à capuche transparent, léger et réfléchissant,","1,000 دج","+ أضف إلى السلة","https://sawaqli.fra1.cdn.digitaloceanspaces.com/13865/Manteau-impermeable-a-capuche-transparent-leger-et-reflechissant-impermeable-600x600.jpg"
"1786188206-15","https://sawa9ly.app/category/13?page=9","","Brosse double face pour enlever les poils d’animaux, la poussière et les peluches, vêtements, meubles, canapé, tapis – فرشاة لإزالة شعر الحيوانات الأليفة والغبار والوبر","1,600 دج","+ أضف إلى السلة","https://sawaqli.fra1.cdn.digitaloceanspaces.com/13742/71Hs4LQfuQL.jpg"
"1786188206-17","https://sawa9ly.app/category/13?page=9","","زوج  وسادات الكعب الناعمة من السيليكون، تخفف من آلام الكعب الأخمصي، لالتهاب وتر العرقوب الذي يقف لفترة طويلة","800 دج","+ أضف إلى السلة","https://sawaqli.fra1.cdn.digitaloceanspaces.com/8894/1691160501920-3371594c96af4f49990154226b3272e0-goods-(1).webp"
"1786188206-18","https://sawa9ly.app/category/13?page=9","","الكتاب الالكتروني للمفردات العربية لتعليم سهل و مرح Livre Electronique De Vocabulaire Arabe Pour Un Apprentissage Facile Et Amusant","1,800 دج","+ أضف إلى السلة","https://sawaqli.fra1.cdn.digitaloceanspaces.com/5965/ilictobook.webp"
"1786188206-19","https://sawa9ly.app/category/13?page=9","","Ensemble 10PCS Protège-Aisselles De Sueur","800 دج","+ أضف إلى السلة","https://sawaqli.fra1.cdn.digitaloceanspaces.com/5207/8PCS-8.jpg"
"1786188206-20","https://sawa9ly.app/category/13?page=9","","Talon en silicone pour augmenter la hauteur – Unisexe","850 دج","+ أضف إلى السلة","https://sawaqli.fra1.cdn.digitaloceanspaces.com/5187/WhatsApp-Image-2022-07-27-at-17.17.09.jpeg"
"1786188201-1","https://sawa9ly.app/category/13?page=8","","Panier de Pique-Nique 30L Isotherme, Chauds et Froids","1,900 دج","+ أضف إلى السلة","https://sawaqli.fra1.cdn.digitaloceanspaces.com/22127/Sac-Picnic-cnc.jpg"
"1786188201-2","https://sawa9ly.app/category/13?page=8","","Kit De Natation Pour Enfants Hydro-Swim  Bestway #24036","1,750 دج","+ أضف إلى السلة","https://sawaqli.fra1.cdn.digitaloceanspaces.com/22070/24036-01.png"
"1786188201-3","https://sawa9ly.app/category/13?page=8","","Matelas Sac Fashion 183 x 69 cm Bestway #44033","1,500 دج","+ أضف إلى السلة","https://sawaqli.fra1.cdn.digitaloceanspaces.com/22032/44033-cnc.jpg"
"1786188201-4","https://sawa9ly.app/category/13?page=8","","Bouée Géant Gonflable Cygne Avec 2 Poignées Bestway #41123","3,150 دج","+ أضف إلى السلة","https://sawaqli.fra1.cdn.digitaloceanspaces.com/22014/41123-CNC.jpg"
"1786188201-5","https://sawa9ly.app/category/13?page=8","","Tenue de Soutnance Unisexe Taille Standard avec Echarppe Rouge","2,300 دج","+ أضف إلى السلة","https://sawaqli.fra1.cdn.digitaloceanspaces.com/22009/tenue-soutnance-1-1.jpg"
"1786188201-6","https://sawa9ly.app/category/13?page=8","","Piscine Gonflable Ronde 152 cm x 51 cm Bestway #51121","6,400 دج","+ أضف إلى السلة","https://sawaqli.fra1.cdn.digitaloceanspaces.com/21763/Bestway-Piscine-51121-CNC.jpg"
"1786188201-7","https://sawa9ly.app/category/13?page=8","","Bestway Piscine Gonflable 3D Aventure Sous-Marine #54177","16,000 دج","+ أضف إلى السلة","https://sawaqli.fra1.cdn.digitaloceanspaces.com/21740/54177_01.jpg"
"1786188201-8","https://sawa9ly.app/category/13?page=8","","INTEX Piscine Gonflable pour Enfants, Centre de Jeux Aquatiques 57113NP","4,500 دج","+ أضف إلى السلة","https://sawaqli.fra1.cdn.digitaloceanspaces.com/21627/57113NP-cnc.jpg"
"1786188201-9","https://sawa9ly.app/category/13?page=8","","Bestway Aspirateur Automatique Pour Le Nettoyage Des Piscines Hors Sol 58628","24,500 دج","+ أضف إلى السلة","https://sawaqli.fra1.cdn.digitaloceanspaces.com/21616/58628-CNC.jpg"
"1786188201-10","https://sawa9ly.app/category/13?page=8","","Bestway 58233 Flowclear Écumoire suspendue pour systèmes de filtration","7,000 دج","+ أضف إلى السلة","https://sawaqli.fra1.cdn.digitaloceanspaces.com/21587/58233-cnc.jpg"
"1786188201-11","https://sawa9ly.app/category/13?page=8","","Steel Pro Max™ Piscine Ronde Avec Filtre et Pompe 305x76cm Bestway","46,000 دج","+ أضف إلى السلة","https://sawaqli.fra1.cdn.digitaloceanspaces.com/21561/56408-cnc.jpg"
"1786188201-12","https://sawa9ly.app/category/13?page=8","","Steel Pro Max™ Piscine Ronde Avec Filtre et Pompe 366x76cm Bestway","51,000 دج","+ أضف إلى السلة","https://sawaqli.fra1.cdn.digitaloceanspaces.com/21550/56416-cnc.jpg"
"1786188201-13","https://sawa9ly.app/category/13?page=8","","Steel Pro Max™ Piscine Ronde Avec Pompe Filtrante et Echelle 366x10cm Bestway","75,000 دج","+ أضف إلى السلة","https://sawaqli.fra1.cdn.digitaloceanspaces.com/21545/56418-3.jpg"
"1786188201-14","https://sawa9ly.app/category/13?page=8","","Steel Pro™ Piscine Rectangulaire Avec Pompe Filtrante 400 x 211 x 81 cm Bestway","65,000 دج","+ أضف إلى السلة","https://sawaqli.fra1.cdn.digitaloceanspaces.com/21536/56424-cnc.jpg"
"1786188201-15","https://sawa9ly.app/category/13?page=8","","Steel Pro™ Piscine Rectangulaire 221 x 150 x 43cm Bestway 56401","27,000 دج","+ أضف إلى السلة","https://sawaqli.fra1.cdn.digitaloceanspaces.com/21503/56401-cnc.jpg"
"1786188201-16","https://sawa9ly.app/category/13?page=8","","Steel Pro™ Piscine Rectangulaire 259 x 170 x 61cm Bestway 56403","38,000 دج","+ أضف إلى السلة","https://sawaqli.fra1.cdn.digitaloceanspaces.com/21498/56403-cnc.jpg"
"1786188201-17","https://sawa9ly.app/category/13?page=8","","Steel Pro™ Piscine Rectangulaire 400 x 211 x 81cm Bestway","59,000 دج","+ أضف إلى السلة","https://sawaqli.fra1.cdn.digitaloceanspaces.com/21491/56405-cnc.jpg"
"1786188201-18","https://sawa9ly.app/category/13?page=8","","Steel Pro™ Piscine Rectangulaire 300 x 201 x 66cm Bestway","46,000 دج","+ أضف إلى السلة","https://sawaqli.fra1.cdn.digitaloceanspaces.com/21486/56404-2.jpg"
"1786188201-19","https://sawa9ly.app/category/13?page=8","","Souffleur Barbecue à Main","650 دج","+ أضف إلى السلة","https://sawaqli.fra1.cdn.digitaloceanspaces.com/20999/Souffleur-a-main-cnc.jpg"
"1786188201-20","https://sawa9ly.app/category/13?page=8","","Bestway bateau Kondor Elite™ 3000 - 246 x 122 x 45 cm 61145","14,000 دج","+ أضف إلى السلة","https://sawaqli.fra1.cdn.digitaloceanspaces.com/20226/couv-47.jpg"
"1786188197-1","https://sawa9ly.app/category/13?page=7","","Sac à Dos orthopédique d’école primaire et Tablet LCD pour Enfants Cadeau - Rose","3,000 دج","+ أضف إلى السلة","https://sawaqli.fra1.cdn.digitaloceanspaces.com/26175/Pack-Sac-Tablet-rose.jpg"
"1786188197-2","https://sawa9ly.app/category/13?page=7","","Tablet d'écriture LCD pour Enfants 12 Pouces - Pikatchu","1,250 دج","+ أضف إلى السلة","https://sawaqli.fra1.cdn.digitaloceanspaces.com/26135/Pikachu-cnc.jpg"
"1786188197-3","https://sawa9ly.app/category/13?page=7","","Gants Robotiques de Rééducation Hémiplégique, Entraînement des Doigts et des Mains","43,000 دج","+ أضف إلى السلة","https://sawaqli.fra1.cdn.digitaloceanspaces.com/25992/reducation.jpg"
"1786188197-5","https://sawa9ly.app/category/13?page=7","","Planche à dessin graffiti lumineux pour enfants avec stylo UV","800 دج","+ أضف إلى السلة","https://sawaqli.fra1.cdn.digitaloceanspaces.com/25938/Draw-with-light-CNC.jpg"
"1786188197-6","https://sawa9ly.app/category/13?page=7","","Petit sac de courses à disques rétractable - حقيبة تسوق قرصية صغيرة قابلة للسحب","1,150 دج","+ أضف إلى السلة","https://sawaqli.fra1.cdn.digitaloceanspaces.com/25542/PANIER-Courses-cnc.jpg"
"1786188197-7","https://sawa9ly.app/category/13?page=7","","Bouteille Thermos en Acier Inoxydable 500 ml avec Paille, Motif Lapin pour Enfants","1,700 دج","+ أضف إلى السلة","https://sawaqli.fra1.cdn.digitaloceanspaces.com/24841/Gourde-New-cnc.jpg"
"1786188197-8","https://sawa9ly.app/category/13?page=7","","Lampe Tactile en Silicone Rechargeable USB - Veilleuse Enfant Panda","2,400 دج","+ أضف إلى السلة","https://sawaqli.fra1.cdn.digitaloceanspaces.com/24769/Panda-veilleuse-cnc.jpg"
"1786188197-9","https://sawa9ly.app/category/13?page=7","","Lampe Tactile en Silicone Rechargeable USB - Veilleuse Enfant Lapin","2,200 دج","+ أضف إلى السلة","https://sawaqli.fra1.cdn.digitaloceanspaces.com/24507/Silicone-Ball-cnc.jpg"
"1786188197-10","https://sawa9ly.app/category/13?page=7","","Kit Barbe Tondeuse Hybride, Ciseaux Barbe et Moustache, Peigne Sculptant - Pochette Barb'Xpert","3,500 دج","+ أضف إلى السلة","https://sawaqli.fra1.cdn.digitaloceanspaces.com/24197/Kit-Barbe-cnc.jpg"
"1786188197-11","https://sawa9ly.app/category/13?page=7","","Attelle de doigt réglable avec barre en aluminium pour correction des doigts","900 دج","+ أضف إلى السلة","https://sawaqli.fra1.cdn.digitaloceanspaces.com/23738/Finger-Clip-cnc.jpg"
"1786188197-12","https://sawa9ly.app/category/13?page=7","","Kit de voyage 3in1 Oreiller en mousse à mémoire de forme en forme de U avec Bouchon d’oreille et Bandeau Yeux","2,100 دج","+ أضف إلى السلة","https://sawaqli.fra1.cdn.digitaloceanspaces.com/23127/Staricare-Coussin-cnc.jpg"
"1786188197-13","https://sawa9ly.app/category/13?page=7","","Organisateur Chaussures Sac de Voyage 3 Compartiment imperméable","1,900 دج","+ أضف إلى السلة","https://sawaqli.fra1.cdn.digitaloceanspaces.com/22531/Shoes-Bag-cnc.jpg"
"1786188197-14","https://sawa9ly.app/category/13?page=7","","Piège de Pêche Poissons 8 Trous Facile a Installer 80cm","2,250 دج","+ أضف إلى السلة","https://sawaqli.fra1.cdn.digitaloceanspaces.com/22500/fishing-net-cnc.jpg"
"1786188197-15","https://sawa9ly.app/category/13?page=7","","Bestway Masque et Tuba Crusader pour Jeunes Enfants à partir de 7 Ans 24025","3,200 دج","+ أضف إلى السلة","https://sawaqli.fra1.cdn.digitaloceanspaces.com/22425/couuv.jpg"
"1786188197-16","https://sawa9ly.app/category/13?page=7","","INTEX Gilet de sauvetage pour Enfants","5,500 دج","+ أضف إلى السلة","https://sawaqli.fra1.cdn.digitaloceanspaces.com/22414/Intex-69680EU-CNC.jpg"
"1786188197-18","https://sawa9ly.app/category/13?page=7","","Bouée Gonflable Dinosaur Pour Enfants 135 x 198 cm Bestway #41105","3,000 دج","+ أضف إلى السلة","https://sawaqli.fra1.cdn.digitaloceanspaces.com/22207/41105-cnc.jpg"
"1786188197-19","https://sawa9ly.app/category/13?page=7","","Matelas Floral Fantasy 183 x 69 cm Bestway #44083","1,650 دج","+ أضف إلى السلة","https://sawaqli.fra1.cdn.digitaloceanspaces.com/22164/44083-cnc.jpg"
"1786188197-20","https://sawa9ly.app/category/13?page=7","","Bouée Gonflable Nautical 119 cm Bestway #36353","2,300 دج","+ أضف إلى السلة","https://sawaqli.fra1.cdn.digitaloceanspaces.com/22156/36353-cnc.jpg"
"1786188192-1","https://sawa9ly.app/category/13?page=6","","Mini Machine à Coudre Portable Manuelle","500 دج","+ أضف إلى السلة","https://sawaqli.fra1.cdn.digitaloceanspaces.com/29343/Spring-come-4.jpg"
"1786188192-2","https://sawa9ly.app/category/13?page=6","","Ensembles d'entraînement pour femmes - Tenue de gymnastique sans couture à 2 pièces Vert","3,000 دج","+ أضف إلى السلة","https://sawaqli.fra1.cdn.digitaloceanspaces.com/29317/Tenue-femmes-gym-cnc-vert.jpg"
"1786188192-3","https://sawa9ly.app/category/13?page=6","","Tablet d’écriture LCD pour Enfants 12 Pouces Grand Model – Cinnamoroll","1,200 دج","+ أضف إلى السلة","https://sawaqli.fra1.cdn.digitaloceanspaces.com/29302/Cinnamoroll-tablet-cnc.jpg"
"1786188192-4","https://sawa9ly.app/category/13?page=6","","Masseur de corps multifonctionnel à six roues à billes et deux boules","1,900 دج","+ أضف إلى السلة","https://sawaqli.fra1.cdn.digitaloceanspaces.com/29276/massager-2in1-cnc.jpg"
"1786188192-5","https://sawa9ly.app/category/13?page=6","","Rallonge Multiprise Protecteur - 5 Prises","1,200 دج","+ أضف إلى السلة","https://sawaqli.fra1.cdn.digitaloceanspaces.com/28895/Ralonge-surge-cnc.jpg"
"1786188192-6","https://sawa9ly.app/category/13?page=6","","Cape Poncho Pluie Enfant Impermeable Anti Pluie","1,300 دج","+ أضف إلى السلة","https://sawaqli.fra1.cdn.digitaloceanspaces.com/28890/capuche-new-v-cnc.jpg"
"1786188192-7","https://sawa9ly.app/category/13?page=6","","Courroie de sécurité réglable pour chaise roulant anti-chute","2,500 دج","+ أضف إلى السلة","https://sawaqli.fra1.cdn.digitaloceanspaces.com/28800/Ceinture-chaise-R-cnc.jpg"
"1786188192-8","https://sawa9ly.app/category/13?page=6","","Housse Anti-poussière Machine à Laver En Tissu Imperméable – FIRLA","950 دج","+ أضف إلى السلة","https://sawaqli.fra1.cdn.digitaloceanspaces.com/28720/couvre-machine-cnc-1.jpg"
"1786188192-9","https://sawa9ly.app/category/13?page=6","","Stitch Lampe de Bureau et Veilleuse Ambiante pour Enfants avec Taille-crayon","1,250 دج","+ أضف إلى السلة","https://sawaqli.fra1.cdn.digitaloceanspaces.com/28032/Lamp-Stich-cnc.jpg"
"1786188192-10","https://sawa9ly.app/category/13?page=6","","Lampe de table LED pour chambre d'enfant, rechargeable en forme de montgolfière","1,900 دج","+ أضف إلى السلة","https://sawaqli.fra1.cdn.digitaloceanspaces.com/27924/Ballon-lamp-cnc.jpg"
"1786188192-11","https://sawa9ly.app/category/13?page=6","","Paires Chaussettes de Yoga pour Femme Antidérapantes","1,100 دج","+ أضف إلى السلة","https://sawaqli.fra1.cdn.digitaloceanspaces.com/27918/Yoga-Shoes-cnc.jpg"
"1786188192-12","https://sawa9ly.app/category/13?page=6","","Veilleuse LED en forme de Lapin en siliconé pour enfants, avec capteur tactile","2,300 دج","+ أضف إلى السلة","https://sawaqli.fra1.cdn.digitaloceanspaces.com/27884/Rabbit-Silicone-cnc.jpg"
"1786188192-13","https://sawa9ly.app/category/13?page=6","","مسك الرمان الطبيعي الاصلي","1,000 دج","+ أضف إلى السلة","https://sawaqli.fra1.cdn.digitaloceanspaces.com/27711/Musk-Roman-cnc-(1).jpg"
"1786188192-14","https://sawa9ly.app/category/13?page=6","","Poêle à frire épaissie Poêle à omelette antiadhésive pour œufs, crêpes, steak","1,900 دج","+ أضف إلى السلة","https://sawaqli.fra1.cdn.digitaloceanspaces.com/27572/Poele-4-separation-cnc.jpg"
"1786188192-15","https://sawa9ly.app/category/13?page=6","","Cuir Ceinture Trou Punch + Bouton Pression Outil Kit","1,400 دج","+ أضف إلى السلة","https://sawaqli.fra1.cdn.digitaloceanspaces.com/27535/Hole-Punch-1.jpg"
"1786188192-16","https://sawa9ly.app/category/13?page=6","","Boîte à Manger en Inox 304 , pratique et facile à transporter","1,200 دج","+ أضف إلى السلة","https://sawaqli.fra1.cdn.digitaloceanspaces.com/27281/Porte-manger-lunettes-cnc.jpg"
"1786188192-17","https://sawa9ly.app/category/13?page=6","","Boîte à lunch 3 Compartiment en Inox 304 , pratique et facile à transporter","3,450 دج","+ أضف إلى السلة","https://sawaqli.fra1.cdn.digitaloceanspaces.com/27248/Bento-3-Layers-cnc.jpg"
"1786188192-18","https://sawa9ly.app/category/13?page=6","","Mini Machine De Scellage Sacs Rechargeable USB","1,550 دج","+ أضف إلى السلة","https://sawaqli.fra1.cdn.digitaloceanspaces.com/27214/Sealing-Machine-cnc.jpg"
"1786188192-19","https://sawa9ly.app/category/13?page=6","","خلطة ابولين الفلسطيني لترطيب البشرة","900 دج","+ أضف إلى السلة","https://sawaqli.fra1.cdn.digitaloceanspaces.com/27124/felastini-cnc.jpg"
"1786188192-20","https://sawa9ly.app/category/13?page=6","","Masque Respiratoire de Premiers Secours Entraîneur Cardio-Pulmonaire","2,200 دج","+ أضف إلى السلة","https://sawaqli.fra1.cdn.digitaloceanspaces.com/26926/Masque-respiratoire-CNC.jpg"
"1786188188-2","https://sawa9ly.app/category/13?page=5","","Trousse de maquillage 2en1 compacte avec plusieurs compartiments","2,600 دج","+ أضف إلى السلة","https://sawaqli.fra1.cdn.digitaloceanspaces.com/35706/Faith-cnc.jpg"
"1786188188-3","https://sawa9ly.app/category/13?page=5","","Réveil Chambres d’enfants Doté d’une Fonction Snooze","3,200 دج","+ أضف إلى السلة","https://sawaqli.fra1.cdn.digitaloceanspaces.com/35463/Alarm-Silicone-cnc.jpg"
"1786188188-4","https://sawa9ly.app/category/13?page=5","","Eva Manteau imperméable à capuche – Rose","650 دج","+ أضف إلى السلة","https://sawaqli.fra1.cdn.digitaloceanspaces.com/35245/Disgne-1090.jpg"
"1786188188-5","https://sawa9ly.app/category/13?page=5","","Rasoir Électrique Anti Peluches Rechargeable Pour Vêtements","2,100 دج","+ أضف إلى السلة","https://sawaqli.fra1.cdn.digitaloceanspaces.com/34341/Enzo-Fabric-Shaver-cnc-1.jpg"
"1786188188-6","https://sawa9ly.app/category/13?page=5","","Cobra Chauffage Électrique Économique 3 Résistance 1200W","5,300 دج","+ أضف إلى السلة","https://sawaqli.fra1.cdn.digitaloceanspaces.com/33816/Cobra-cnc-1.jpg"
"1786188188-7","https://sawa9ly.app/category/13?page=5","","Lampe Frontale Rechargeable 2600mAh avec Capteur Mouvement","1,600 دج","+ أضف إلى السلة","https://sawaqli.fra1.cdn.digitaloceanspaces.com/33661/W678-2-CNC.jpg"
"1786188188-8","https://sawa9ly.app/category/13?page=5","","Fausse Caméras de Vidéosurveillance à énergie Solaire avec Clignotant Rouge LED","2,600 دج","+ أضف إلى السلة","https://sawaqli.fra1.cdn.digitaloceanspaces.com/33653/Fake-Cam-cnc.jpg"
"1786188188-9","https://sawa9ly.app/category/13?page=5","","Machine à Fixation de perles pour bricolage","2,800 دج","+ أضف إلى السلة","https://sawaqli.fra1.cdn.digitaloceanspaces.com/33341/Machine-à-perles-cnc.jpg"
"1786188188-10","https://sawa9ly.app/category/13?page=5","","Répulsif pour animaux solaire à ultrasons et parasites en forme d'hibou","4,900 دج","+ أضف إلى السلة","https://sawaqli.fra1.cdn.digitaloceanspaces.com/32726/Repulsif-Bouma-cnc.jpg"
"1786188188-11","https://sawa9ly.app/category/13?page=5","","Lampe D’ambiance LED RGB Multi-couleurs","1,400 دج","+ أضف إلى السلة","https://sawaqli.fra1.cdn.digitaloceanspaces.com/32615/lampe-cham3a-cnc.jpg"
"1786188188-12","https://sawa9ly.app/category/13?page=5","","Horloge LED numérique avec affichage de la température","2,050 دج","+ أضف إلى السلة","https://sawaqli.fra1.cdn.digitaloceanspaces.com/32246/RV-LED-CNC.jpg"
"1786188188-13","https://sawa9ly.app/category/13?page=5","","Tirelire automatique avec un mignon petit panda à l’intérieur","2,150 دج","+ أضف إلى السلة","https://sawaqli.fra1.cdn.digitaloceanspaces.com/32234/Panda-Box-10.jpg"
"1786188188-14","https://sawa9ly.app/category/13?page=5","","Cagoule d’hiver pour moto avec capuche","1,000 دج","+ أضف إلى السلة","https://sawaqli.fra1.cdn.digitaloceanspaces.com/31996/Cagoule-hiver-cnc.jpg"
"1786188188-15","https://sawa9ly.app/category/13?page=5","","Tirelire d’économie d’argent en pièces de monnaie réelles","3,100 دج","+ أضف إلى السلة","https://sawaqli.fra1.cdn.digitaloceanspaces.com/31730/School-Bag-cnc.jpg"
"1786188188-16","https://sawa9ly.app/category/13?page=5","","Boîte à lunch électrique en Inox Capacité 1.05L","2,800 دج","+ أضف إلى السلة","https://sawaqli.fra1.cdn.digitaloceanspaces.com/31253/حامل-الطعام-الكهربائي-(1).png"
"1786188188-17","https://sawa9ly.app/category/13?page=5","","Cagoule et Masque d’hiver complet pour Vélo, Moto, Ski","750 دج","+ أضف إلى السلة","https://sawaqli.fra1.cdn.digitaloceanspaces.com/30051/Cagouole-cnc-(1).jpg"
"1786188188-18","https://sawa9ly.app/category/13?page=5","","Gants Thermiques Chaudes Hivernaux Cataphote Unisexe Screen Touch","1,350 دج","+ أضف إلى السلة","https://sawaqli.fra1.cdn.digitaloceanspaces.com/30045/Gant-Thermique-cnc.jpg"
"1786188188-19","https://sawa9ly.app/category/13?page=5","","Magic Book réutilisable avec des dessins animés pour enfants et un stylo à eau","800 دج","+ أضف إلى السلة","https://sawaqli.fra1.cdn.digitaloceanspaces.com/29410/Magic-book-invisible-cnccc.jpg"
"1786188188-20","https://sawa9ly.app/category/13?page=5","","Mini Sèche Ongles Lampe UV 24 W","1,000 دج","+ أضف إلى السلة","https://sawaqli.fra1.cdn.digitaloceanspaces.com/29355/Seche-ongle-cnc.jpg"
"1786188183-2","https://sawa9ly.app/category/13?page=4","","Appareil de Massage Chauffant pour Jambes et Mollets - جهاز تدليك حراري متعدد الوظائف للساقين","4,600 دج","+ أضف إلى السلة","https://sawaqli.fra1.cdn.digitaloceanspaces.com/42670/CALFMASSAGER-CNC.jpg"
"1786188183-3","https://sawa9ly.app/category/13?page=4","","Pointeur Laser Puissant Multifonctions 2000 Mètres - مصباح ليزر قوي للمسافات الطويلة متعدد الوظائف","2,350 دج","هذا المنتج غير متوفر حاليًا","https://sawaqli.fra1.cdn.digitaloceanspaces.com/42323/YLLASER303.jpg"
"1786188183-4","https://sawa9ly.app/category/13?page=4","","Gants Jetables TPE Sans Latex 300 Pièces – قفازات للاستعمال مرة واحدة","900 دج","+ أضف إلى السلة","https://sawaqli.fra1.cdn.digitaloceanspaces.com/41679/100pcsgloves-CNC-(1).jpg"
"1786188183-5","https://sawa9ly.app/category/13?page=4","","Machine à Coudre Électrique Portable avec Table  – ماكينة خياطة كهربائية محمولة مع طاولة","3,950 دج","+ أضف إلى السلة","https://sawaqli.fra1.cdn.digitaloceanspaces.com/41026/SM202A-CNC.jpg"
"1786188183-7","https://sawa9ly.app/category/13?page=4","","Lot de 7 organisateurs de valises - مجموعة حقائب السفر","1,900 دج","+ أضف إلى السلة","https://sawaqli.fra1.cdn.digitaloceanspaces.com/40625/colorful-life-CNC.jpg"
"1786188183-8","https://sawa9ly.app/category/13?page=4","","Tapis de Prière Sultan Pliable avec Dossier – سجادة صلاة سلطان قابلة للطي مع مسند ظهر","2,650 دج","+ أضف إلى السلة","https://sawaqli.fra1.cdn.digitaloceanspaces.com/40434/sajada2en1-(10).jpg"
"1786188183-9","https://sawa9ly.app/category/13?page=4","","Verrous de Sécurité pour Enfants 5pcs – أقفال أمان للأطفال","1,850 دج","+ أضف إلى السلة","https://sawaqli.fra1.cdn.digitaloceanspaces.com/39738/BaytionChild-CNC-(1).jpg"
"1786188183-10","https://sawa9ly.app/category/13?page=4","","Allume Électrique Rechargeable – ولاعة كهربائية قابلة لإعادة الشحن","1,000 دج","+ أضف إلى السلة","https://sawaqli.fra1.cdn.digitaloceanspaces.com/39700/MSDSLaser-(4).jpg"
"1786188183-11","https://sawa9ly.app/category/13?page=4","","Semelles Rehaussantes 4 Couches Réglables Unisexe – نعل لزيادة الطول بـ 4 طبقات قابلة للتعديل","2,400 دج","هذا المنتج غير متوفر حاليًا","https://sawaqli.fra1.cdn.digitaloceanspaces.com/39589/HeightShoe.jpg"
"1786188183-12","https://sawa9ly.app/category/13?page=4","","Lot de 50Pcs Bavettes jetables à trois couches - علبة كمامات سوداء","1,100 دج","+ أضف إلى السلة","https://sawaqli.fra1.cdn.digitaloceanspaces.com/38895/bAVETTE-BLK-cnc.jpg"
"1786188183-13","https://sawa9ly.app/category/13?page=4","","Mini Sonnette d'Appel en Métal Antirouille pour Bureau – جرس نداء معدني صغير مقاوم للصدأ للمكتب","800 دج","+ أضف إلى السلة","https://sawaqli.fra1.cdn.digitaloceanspaces.com/38627/QJ125-CNC.jpg"
"1786188183-14","https://sawa9ly.app/category/13?page=4","","Brosse de Nettoyage et Distributeur De Shampoing en Silicone – فرشاة الحمام من السيليكون","700 دج","+ أضف إلى السلة","https://sawaqli.fra1.cdn.digitaloceanspaces.com/37531/Silicone-BR.jpg"
"1786188183-15","https://sawa9ly.app/category/13?page=4","","Applique Murale étanche LED 8W Lumière Blanc Chaud 6500K – مصباح جداري","1,900 دج","+ أضف إلى السلة","https://sawaqli.fra1.cdn.digitaloceanspaces.com/36632/8w1.jpg"
"1786188183-16","https://sawa9ly.app/category/13?page=4","","Compteuse Automatique de Billets avec Détection UV – آلة عد النقود الأوتوماتيكية مع كشف الأشعة فوق البنفسجية","15,500 دج","+ أضف إلى السلة","https://sawaqli.fra1.cdn.digitaloceanspaces.com/36615/كاشف-النقود-المزيفة.jpg"
"1786188183-19","https://sawa9ly.app/category/13?page=4","","Mixeur Broyeur à Glace Rechargeable Portable 600ml","2,850 دج","+ أضف إلى السلة","https://sawaqli.fra1.cdn.digitaloceanspaces.com/36050/Juice-mix-cnc.jpg"
"1786188178-1","https://sawa9ly.app/category/13?page=3","","Brosse de Bain en Silicone pour Nettoyer le Corps – فرشاة الإستحمام من السيليكون","1,000 دج","+ أضف إلى السلة","https://sawaqli.fra1.cdn.digitaloceanspaces.com/55220/Silica-Gel-cnc.jpg"
"1786188178-2","https://sawa9ly.app/category/13?page=3","","Stitch Blind Box Porte Clé Surprise avec des Couleurs Aléatoire – علبة دمية ستيتش","2,300 دج","+ أضف إلى السلة","https://sawaqli.fra1.cdn.digitaloceanspaces.com/55158/Stitch-blind-box-CNC-600x600.jpg"
"1786188178-3","https://sawa9ly.app/category/13?page=3","","Règle de mesure de la taille des chaussures pour enfants – أداة قياس القدم للأطفال","650 دج","+ أضف إلى السلة","https://sawaqli.fra1.cdn.digitaloceanspaces.com/54001/mesure-pied-cnc.jpeg"
"1786188178-4","https://sawa9ly.app/category/13?page=3","","Lanterne de Jardin Solaire avec Détecteur de Mouvement JF-8818 – مصباح خارجي يعمل بالطاقة الشمسية","2,000 دج","+ أضف إلى السلة","https://sawaqli.fra1.cdn.digitaloceanspaces.com/53994/JF-8818-cnc.jpg"
"1786188178-5","https://sawa9ly.app/category/13?page=3","","Support Enrouleur de Câble 6Pcs Facile à Installer – مثبت ومنظم كابلات","1,100 دج","+ أضف إلى السلة","https://sawaqli.fra1.cdn.digitaloceanspaces.com/53555/Crochet-Prise-1.jpg"
"1786188178-7","https://sawa9ly.app/category/13?page=3","","Masseur du cuir chevelu pour une relaxation profonde – أداة تدليك فروة الرأس","800 دج","+ أضف إلى السلة","https://sawaqli.fra1.cdn.digitaloceanspaces.com/50850/hair-massage-cnc.jpg"
"1786188178-8","https://sawa9ly.app/category/13?page=3","","Intex Kit de Réparation de Vinyle Plastique Humide 6Pcs – طقم لإصلاح المنتجات القابلة للنفخ","850 دج","+ أضف إلى السلة","https://sawaqli.fra1.cdn.digitaloceanspaces.com/49138/Intex-Patches-cnc.jpg"
"1786188178-9","https://sawa9ly.app/category/13?page=3","","Pierres de glaçons réutilisables en acier inoxydable pour votre boisson – مكعبات الثلج للتبريد لمدة طويلة","1,000 دج","+ أضف إلى السلة","https://sawaqli.fra1.cdn.digitaloceanspaces.com/48626/Pierres-Glace-cnc.jpg"
"1786188178-10","https://sawa9ly.app/category/13?page=3","","Gel Pièges anti-cafards pour infestation intérieure et extérieure – جال لإبادة الصراصير","1,200 دج","+ أضف إلى السلة","https://sawaqli.fra1.cdn.digitaloceanspaces.com/48494/queck-catch.jpg"
"1786188178-11","https://sawa9ly.app/category/13?page=3","","Lampe frontale LED Rechargeable 12000LM pour Camping CY2026C – مصباح رأس قابل للشحن","1,250 دج","+ أضف إلى السلة","https://sawaqli.fra1.cdn.digitaloceanspaces.com/47587/CY2026C-CNC.jpg"
"1786188178-12","https://sawa9ly.app/category/13?page=3","","Bavoir à Barbe Pour Homme Tissue Imperméable – مأزر حلاقة يثبت على المرآة","1,400 دج","+ أضف إلى السلة","https://sawaqli.fra1.cdn.digitaloceanspaces.com/47365/tablier-coiffeur-6.jpg"
"1786188178-13","https://sawa9ly.app/category/13?page=3","","Lampe Anti-Moustiques Électrique 6W Double Tube UV","3,250 دج","+ أضف إلى السلة","https://sawaqli.fra1.cdn.digitaloceanspaces.com/46846/Antimoust-6W-CNC.jpg"
"1786188178-14","https://sawa9ly.app/category/13?page=3","","Sac à bandoulière antivol dissimulé sous les aisselles – حقيبة أغراض مضادة لسرقة","1,400 دج","+ أضف إلى السلة","https://sawaqli.fra1.cdn.digitaloceanspaces.com/46799/007.jpg"
"1786188178-15","https://sawa9ly.app/category/13?page=3","","Oreiller De Positionnement et Rotation pour Personnes âgées – وسادة طبية لكبار السن","2,400 دج","+ أضف إلى السلة","https://sawaqli.fra1.cdn.digitaloceanspaces.com/46129/oreillerPos.jpg"
"1786188178-16","https://sawa9ly.app/category/13?page=3","","Boîte à lunch électrique en Inox Capacité 1.05L – علبة تسخين الطعام من الإينوكس","2,400 دج","+ أضف إلى السلة","https://sawaqli.fra1.cdn.digitaloceanspaces.com/46045/lunchb.jpg"
"1786188178-17","https://sawa9ly.app/category/13?page=3","","Sac de rangement pour chaussures imperméables pour voyage – حقيبة تنظيم الأحذية","1,350 دج","+ أضف إلى السلة","https://sawaqli.fra1.cdn.digitaloceanspaces.com/46007/sac-chauss-1.jpg"
"1786188178-18","https://sawa9ly.app/category/13?page=3","","Lunch Box 3 étage avec Sac Isotherme Isolant – حافظة طعام حرارية 3 طبقات قابلة للاستخدام في الميكروويف","2,300 دج","+ أضف إلى السلة","https://sawaqli.fra1.cdn.digitaloceanspaces.com/45847/lunchbox3L-cnc-1.jpg"
"1786188178-19","https://sawa9ly.app/category/13?page=3","","Boîte à Manger Portable en Inox 304 pratique et facile à transporter – حافظة طعام","1,900 دج","+ أضف إلى السلة","https://sawaqli.fra1.cdn.digitaloceanspaces.com/45834/DJD1.jpg"
"1786188178-20","https://sawa9ly.app/category/13?page=3","","Mini Sac à Bandoulière Kuromi – Accessoire Kawaii pour Enfants et Fans de Manga","900 دج","+ أضف إلى السلة","https://sawaqli.fra1.cdn.digitaloceanspaces.com/44540/Pochette-Kuromi-5.jpg"
"1786188173-1","https://sawa9ly.app/category/13?page=2","","Oreiller de Cou Bluetooth en mousse à mémoire de forme avec haut-parleurs intégrés – وسادة مريحة بخاصية البلوتوث","4,000 دج","+ أضف إلى السلة","https://sawa9ly.app/storage/61622/BT-Pillow-cnc.jpg"
"1786188173-2","https://sawa9ly.app/category/13?page=2","","Cagoule d’hiver Excefore en polaire avec maille filet coupe-vent – قناع وجه شتوي","1,800 دج","هذا المنتج غير متوفر حاليًا","https://sawaqli.fra1.cdn.digitaloceanspaces.com/61194/cagoule-new-cnc2.jpg"
"1786188173-3","https://sawa9ly.app/category/13?page=2","","Pack Moto Capuchon imperméable et Gants Tactique Doigt Complet – Cagoule Gratuit – عرض خاص","3,500 دج","هذا المنتج غير متوفر حاليًا","https://sawaqli.fra1.cdn.digitaloceanspaces.com/60976/pack-gants-moto-com.jpg"
"1786188173-4","https://sawa9ly.app/category/13?page=2","","Ampoule de projection LED avec des dessins animé pour chambre d’enfants – مصباح غرفة الأطفال","1,750 دج","+ أضف إلى السلة","https://sawaqli.fra1.cdn.digitaloceanspaces.com/60768/Lampe-kids-cnc2.jpg"
"1786188173-5","https://sawa9ly.app/category/13?page=2","","Housse de plâtre imperméable pour la douche protection demi pied adulte – غطاء عازل للمياه للرجل المكسورة","2,500 دج","+ أضف إلى السلة","https://sawaqli.fra1.cdn.digitaloceanspaces.com/58682/SL-2102-CNC.jpg"
"1786188173-6","https://sawa9ly.app/category/13?page=2","","Protège-plâtre imperméable demi bras pour pour adulte – غطاء عازل للمياه لليد المكسولة","2,150 دج","+ أضف إلى السلة","https://sawaqli.fra1.cdn.digitaloceanspaces.com/58675/SL-2100-cnc.jpg"
"1786188173-7","https://sawa9ly.app/category/13?page=2","","Housses de plâtre imperméables protège-poignet pour la douche et le bain – غطاء عازل للمياه لليد المكسولة","1,850 دج","+ أضف إلى السلة","https://sawaqli.fra1.cdn.digitaloceanspaces.com/58669/SL-2104-cnc.jpg"
"1786188173-8","https://sawa9ly.app/category/13?page=2","","Protège-plâtre imperméable bras complet pour pour adulte – غطاء عازل للمياه لليد المكسولة","2,900 دج","+ أضف إلى السلة","https://sawaqli.fra1.cdn.digitaloceanspaces.com/58662/SL-2101-CNC-1.jpg"
"1786188173-9","https://sawa9ly.app/category/13?page=2","","Housse de plâtre imperméable pour la douche, protection pour jambe adulte – غطاء عازل للمياه للرجل المكسورة كاملة","2,750 دج","+ أضف إلى السلة","https://sawaqli.fra1.cdn.digitaloceanspaces.com/58460/SL-2105-CNC.jpg"
"1786188173-10","https://sawa9ly.app/category/13?page=2","","Grand sac de voyage pliable 23 L avec Sangle Valise – حقيبة كبيرة الحجم قابلة للطي","1,700 دج","+ أضف إلى السلة","https://sawaqli.fra1.cdn.digitaloceanspaces.com/57036/Travel-Happy-cnc.jpg"
"1786188173-11","https://sawa9ly.app/category/13?page=2","","Sac à dos Coiffeur avec des Support pour Tondeuses et Outils Professionnels – حقيبة اغراض الحلاق","6,000 دج","+ أضف إلى السلة","https://sawaqli.fra1.cdn.digitaloceanspaces.com/56922/Barber-Bag-cnc.jpg"
"1786188173-12","https://sawa9ly.app/category/13?page=2","","Sac à dos Coiffeur WAHL avec des Support pour Tondeuses et Outils Professionnels – حقيبة اغراض الحلاق","6,000 دج","+ أضف إلى السلة","https://sawaqli.fra1.cdn.digitaloceanspaces.com/56874/Wahl-bag-cnc.jpg"
"1786188173-13","https://sawa9ly.app/category/13?page=2","","Tableau à Dessin LED coloré avec 4 stylos 30x20cm – لوحة مضيئة للرسم والتلوين","1,950 دج","+ أضف إلى السلة","https://sawaqli.fra1.cdn.digitaloceanspaces.com/56803/Neon-Board-PM-cnc.jpg"
"1786188173-14","https://sawa9ly.app/category/13?page=2","","Ensemble de Support Mural sans Poinçon Auto-Adhésif 4PCS","800 دج","+ أضف إلى السلة","https://sawaqli.fra1.cdn.digitaloceanspaces.com/56683/Support-Prise-4pcs-cnc.jpg"
"1786188173-15","https://sawa9ly.app/category/13?page=2","","Répulsif solaire sonique pour animaux et oiseaux avec détecteur de mouvement – جهاز طارد للحيونات والطيور","4,500 دج","+ أضف إلى السلة","https://sawaqli.fra1.cdn.digitaloceanspaces.com/56526/Pest-Rep-cnc.jpg"
"1786188173-16","https://sawa9ly.app/category/13?page=2","","STARICARE Civière de cou gonflable et rétracteur de traction cervicale avec pompe – أداة تصحيح وضعية العنق","5,600 دج","+ أضف إلى السلة","https://sawaqli.fra1.cdn.digitaloceanspaces.com/56330/Staricare-Cervicale-cnc.jpg"
"1786188173-18","https://sawa9ly.app/category/13?page=2","","Ensemble d’aérographe multifonctions pour la décoration et peintures – أداة رسم وتزيين للحرفيين","4,200 دج","+ أضف إلى السلة","https://sawaqli.fra1.cdn.digitaloceanspaces.com/55960/AirBrush-cnc.jpg"
"1786188173-19","https://sawa9ly.app/category/13?page=2","","Brumisateur sous-marin Ultrasonique pour Fontaines avec 12LED – جهاز تشكيل الضباب","2,450 دج","+ أضف إلى السلة","https://sawaqli.fra1.cdn.digitaloceanspaces.com/55947/Mist-maker-cnc2-600x600-(1).jpg"
"1786188173-20","https://sawa9ly.app/category/13?page=2","","Sibote Ceinture de Soutien Lombaire Réglable ST-7335 – حزام شد الظهر","2,950 دج","+ أضف إلى السلة","https://sawaqli.fra1.cdn.digitaloceanspaces.com/55588/ST-7335-CNC.jpg"
"1786188166-1","https://sawa9ly.app/category/13","","Ventilateur Brumisateur de Bureau Portable USB avec Éclairage - مروحة المكتب الذكية برذاذ الماء والترطيب بـ 3 سرعات","3,650 دج","+ أضف إلى السلة","https://sawa9ly.app/storage/73424/1779527635866_pkse23px_yt-m2053-cnc.jpg"
"1786188166-2","https://sawa9ly.app/category/13","","Moustiquaire de Lit Suspendue Au Plafond - ناموسية السرير الدائرية الفاخرة بحواف الدانتيل","1,900 دج","+ أضف إلى السلة","https://sawa9ly.app/storage/73398/1779374279741_7ooti531_mosquito-net-up-cnc.jpg"
"1786188166-3","https://sawa9ly.app/category/13","","Ensemble de 10 attaches en silicone à fixer au mur multifonctionnels – طقم تثبيت أغراض على الحائط","900 دج","+ أضف إلى السلة","https://sawa9ly.app/storage/68365/N-50-25-CNC.jpg"
"1786188166-4","https://sawa9ly.app/category/13","","Lot de 20 Organisateurs de câble réglables réutilisable","600 دج","+ أضف إلى السلة","https://sawa9ly.app/storage/67545/ATTACHE-Scratch-cnc.jpg"
"1786188166-5","https://sawa9ly.app/category/13","","Casquette Yamaha Racing Bleu et Noire avec Filet Respirant Unisexe – قبعة رياضية جودة عالية","3,600 دج","+ أضف إلى السلة","https://sawa9ly.app/storage/67063/yamaha-–01.jpg"
"1786188166-6","https://sawa9ly.app/category/13","","Bonnet d’hiver COB Headlight pour camping et randonnée – قبعة شتوية مزودة بمصباح أمامي","2,200 دج","+ أضف إلى السلة","https://sawa9ly.app/storage/66566/87ddd5874sdfsd4d7ssdsfsdsdfff-–01.jpg"
"1786188166-7","https://sawa9ly.app/category/13","","Scratch Autocollant Double Face Noir 200cmx2cm – Velcro Ruban – شريط لاصق مزدوج الجوانب","850 دج","+ أضف إلى السلة","https://sawa9ly.app/storage/66565/Magic-Tape-cnc.jpg"
"1786188166-8","https://sawa9ly.app/category/13","","Tapis de Prière Sultan Pliable avec Dossier et Poche Arrière V2 – سجادة صلاة سلطان قابلة للطي مع مسند ظهر","1,950 دج","+ أضف إلى السلة","https://sawa9ly.app/storage/66467/sajada-cnc2.jpg"
"1786188166-9","https://sawa9ly.app/category/13","","Machine à coudre électrique portable et légère JYSM-301 – آلة خياطة","4,000 دج","+ أضف إلى السلة","https://sawa9ly.app/storage/65486/Swing-machine-mauve-cnc.jpg"
"1786188166-10","https://sawa9ly.app/category/13","","Briquet électrique Portable Alimentation USB V1","1,550 دج","+ أضف إلى السلة","https://sawa9ly.app/storage/65319/Ciga-USB-cnc-1.jpg"
"1786188166-11","https://sawa9ly.app/category/13","","Trousse isotherme pour insuline avec écran afficheur de température","2,500 دج","+ أضف إلى السلة","https://sawa9ly.app/storage/65280/iCE-Pack-cnc-1.jpg"
"1786188166-12","https://sawa9ly.app/category/13","","Collier Laser LED un Jouet Interactif pour Chat – سوار ليزر للقطط","1,200 دج","+ أضف إلى السلة","https://sawa9ly.app/storage/64509/Cat-laser-cnc.jpg"
"1786188166-13","https://sawa9ly.app/category/13","","Kit mini aquarium nanbor avec système de filtrage et lampe led – حوض أسماك مع مصباح","5,600 دج","+ أضف إلى السلة","https://sawa9ly.app/storage/64323/Aquarium-1.jpg"
"1786188166-15","https://sawa9ly.app/category/13","","Eva Manteau imperméable à capuche – Mauve – معطف بغطاء رأس مقاوم للماء","650 دج","+ أضف إلى السلة","https://sawa9ly.app/storage/63443/471313350_571587115495881_1917024527237776264_n.jpg"
"1786188166-16","https://sawa9ly.app/category/13","","Eva Manteau imperméable à capuche – Rose – معطف بغطاء رأس مقاوم للماء","650 دج","+ أضف إلى السلة","https://sawa9ly.app/storage/63442/Disgne-1090-1.jpg"
"1786188166-17","https://sawa9ly.app/category/13","","Paire de Chaussettes Chaudes d’hiver unisexes en cuir zippées","1,350 دج","+ أضف إلى السلة","https://sawa9ly.app/storage/63259/Chaussettes-cuire-cnc.jpg"
"1786188166-18","https://sawa9ly.app/category/13","","Chaise Longue en Sisal pour Chat et Animaux de Compagnie – كرسي للقط والحيونات الأليفة","2,800 دج","+ أضف إلى السلة","https://sawa9ly.app/storage/62565/chaise-chat-cnc.jpg"
"1786188166-19","https://sawa9ly.app/category/13","","Sac de lavage chaussures pour machine à laver en microfibre 1Pcs – كيس من ميكروفيبر لغسل الأحذية في الغسالة","1,450 دج","+ أضف إلى السلة","https://sawa9ly.app/storage/62447/Yellow-Shoes-cnc.jpg"
"1786188166-20","https://sawa9ly.app/category/13","","Cagoule Full-Face pour une protection complète du visage – قناع وجه كامل","1,100 دج","+ أضف إلى السلة","https://sawa9ly.app/storage/62242/Bonnet-Cagoule-cnc.jpg"
"1786188384-1","https://sawa9ly.app/category/23?page=6","Piscine Ronde Gonflable Pour Enfants 1.02 x 0.25 m Bestway 51008","2,400 دج","+ أضف إلى السلة","https://sawaqli.fra1.cdn.digitaloceanspaces.com/2349/piscine-bestway-51008-_-05-1.jpg"
"1786188384-2","https://sawa9ly.app/category/23?page=6","Piscine Familiale Gonflable 305 x 274 x 46 cm Avec 2 Porte-Gobelets Bestway Sunsational 54321","17,800 دج","+ أضف إلى السلة","https://sawaqli.fra1.cdn.digitaloceanspaces.com/2329/picine-bestway-1-1.jpg"
"1786188384-3","https://sawa9ly.app/category/23?page=6","Piscine Rond Gonflable Giraffe Pour Enfants Avec Arroseur 266x157x127cm Bestway 53089","4,550 دج","+ أضف إلى السلة","https://sawaqli.fra1.cdn.digitaloceanspaces.com/2311/Bestway-Plein-air-girafe-53089-6.jpg"
"1786188384-4","https://sawa9ly.app/category/23?page=6","Intex Bouee enfant Avec un auvent intégré pour se protéger des rayons du soleil  56573NP","2,400 دج","+ أضف إلى السلة","https://sawaqli.fra1.cdn.digitaloceanspaces.com/2233/61us1WijHHL._AC_SL1000_.jpg"
"1786188384-5","https://sawa9ly.app/category/23?page=6","Intex brassards gonflable pour enfants  59642","1,150 دج","+ أضف إلى السلة","https://sawaqli.fra1.cdn.digitaloceanspaces.com/2190/INTEX548724.png"
"1786188384-6","https://sawa9ly.app/category/23?page=6","Hydro-Force Cove Champion Kayak Gonflable 275 x 81cm Bestway#65115","33,000 دج","+ أضف إلى السلة","https://sawaqli.fra1.cdn.digitaloceanspaces.com/700/Untitled-design.png"
"1786188384-7","https://sawa9ly.app/category/23?page=6","Planche De Surf Gonflable Avec Pompe À Main Hydro-Force Bestway 65336","58,000 دج","+ أضف إلى السلة","https://sawaqli.fra1.cdn.digitaloceanspaces.com/670/65336-CNC.jpg"
"1786188384-8","https://sawa9ly.app/category/23?page=6","HYDRO-FORCE™ Paddle gonflable Avec Pompe À Main Bestway 65340","65,000 دج","+ أضف إلى السلة","https://sawaqli.fra1.cdn.digitaloceanspaces.com/662/65340-CNC.jpg"
"1786188384-9","https://sawa9ly.app/category/23?page=6","Hydro-Force White Cap Paddle gonflable Avec Pompe À Main Et Sac À Dos Bestway-65342","65,000 دج","+ أضف إلى السلة","https://sawaqli.fra1.cdn.digitaloceanspaces.com/656/65342-CNC.jpg"
"1786188384-10","https://sawa9ly.app/category/23?page=6","Hydro-Force Kayak Ventura Canoë Pompe+Rame Et Siège 130kg Bestway-65118","62,000 دج","+ أضف إلى السلة","https://sawaqli.fra1.cdn.digitaloceanspaces.com/590/65118-CNC.jpg"
"1786188384-11","https://sawa9ly.app/category/23?page=6","Matelas De Piscine Arc-en-ciel 183×69 Cm Bestway 44041","1,550 دج","+ أضف إلى السلة","https://sawaqli.fra1.cdn.digitaloceanspaces.com/550/bestway-3546574.jpg"
"1786188379-2","https://sawa9ly.app/category/23?page=5","Bouée Gonflable Dinosaur Pour Enfants 135 x 198 cm Bestway #41105","3,000 دج","+ أضف إلى السلة","https://sawaqli.fra1.cdn.digitaloceanspaces.com/22207/41105-cnc.jpg"
"1786188379-3","https://sawa9ly.app/category/23?page=5","Matelas Floral Fantasy 183 x 69 cm Bestway #44083","1,650 دج","+ أضف إلى السلة","https://sawaqli.fra1.cdn.digitaloceanspaces.com/22164/44083-cnc.jpg"
"1786188379-4","https://sawa9ly.app/category/23?page=5","Bouée Gonflable Nautical 119 cm Bestway #36353","2,300 دج","+ أضف إلى السلة","https://sawaqli.fra1.cdn.digitaloceanspaces.com/22156/36353-cnc.jpg"
"1786188379-5","https://sawa9ly.app/category/23?page=5","Kit De Natation Pour Enfants Hydro-Swim  Bestway #24036","1,750 دج","+ أضف إلى السلة","https://sawaqli.fra1.cdn.digitaloceanspaces.com/22070/24036-01.png"
"1786188379-6","https://sawa9ly.app/category/23?page=5","Matelas Sac Fashion 183 x 69 cm Bestway #44033","1,500 دج","+ أضف إلى السلة","https://sawaqli.fra1.cdn.digitaloceanspaces.com/22032/44033-cnc.jpg"
"1786188379-7","https://sawa9ly.app/category/23?page=5","Bouée Géant Gonflable Cygne Avec 2 Poignées Bestway #41123","3,150 دج","+ أضف إلى السلة","https://sawaqli.fra1.cdn.digitaloceanspaces.com/22014/41123-CNC.jpg"
"1786188379-8","https://sawa9ly.app/category/23?page=5","Piscine Gonflable Ronde 152 cm x 51 cm Bestway #51121","6,400 دج","+ أضف إلى السلة","https://sawaqli.fra1.cdn.digitaloceanspaces.com/21763/Bestway-Piscine-51121-CNC.jpg"
"1786188379-9","https://sawa9ly.app/category/23?page=5","Bestway Piscine Gonflable 3D Aventure Sous-Marine #54177","16,000 دج","+ أضف إلى السلة","https://sawaqli.fra1.cdn.digitaloceanspaces.com/21740/54177_01.jpg"
"1786188379-10","https://sawa9ly.app/category/23?page=5","INTEX Piscine Gonflable pour Enfants, Centre de Jeux Aquatiques 57113NP","4,500 دج","+ أضف إلى السلة","https://sawaqli.fra1.cdn.digitaloceanspaces.com/21627/57113NP-cnc.jpg"
"1786188379-11","https://sawa9ly.app/category/23?page=5","Bestway Aspirateur Automatique Pour Le Nettoyage Des Piscines Hors Sol 58628","24,500 دج","+ أضف إلى السلة","https://sawaqli.fra1.cdn.digitaloceanspaces.com/21616/58628-CNC.jpg"
"1786188379-12","https://sawa9ly.app/category/23?page=5","Bestway 58233 Flowclear Écumoire suspendue pour systèmes de filtration","7,000 دج","+ أضف إلى السلة","https://sawaqli.fra1.cdn.digitaloceanspaces.com/21587/58233-cnc.jpg"
"1786188379-13","https://sawa9ly.app/category/23?page=5","Steel Pro Max™ Piscine Ronde Avec Filtre et Pompe 305x76cm Bestway","46,000 دج","+ أضف إلى السلة","https://sawaqli.fra1.cdn.digitaloceanspaces.com/21561/56408-cnc.jpg"
"1786188379-14","https://sawa9ly.app/category/23?page=5","Steel Pro Max™ Piscine Ronde Avec Filtre et Pompe 366x76cm Bestway","51,000 دج","+ أضف إلى السلة","https://sawaqli.fra1.cdn.digitaloceanspaces.com/21550/56416-cnc.jpg"
"1786188379-15","https://sawa9ly.app/category/23?page=5","Steel Pro Max™ Piscine Ronde Avec Pompe Filtrante et Echelle 366x10cm Bestway","75,000 دج","+ أضف إلى السلة","https://sawaqli.fra1.cdn.digitaloceanspaces.com/21545/56418-3.jpg"
"1786188379-16","https://sawa9ly.app/category/23?page=5","Steel Pro™ Piscine Rectangulaire Avec Pompe Filtrante 400 x 211 x 81 cm Bestway","65,000 دج","+ أضف إلى السلة","https://sawaqli.fra1.cdn.digitaloceanspaces.com/21536/56424-cnc.jpg"
"1786188379-17","https://sawa9ly.app/category/23?page=5","Steel Pro™ Piscine Rectangulaire 221 x 150 x 43cm Bestway 56401","27,000 دج","+ أضف إلى السلة","https://sawaqli.fra1.cdn.digitaloceanspaces.com/21503/56401-cnc.jpg"
"1786188379-18","https://sawa9ly.app/category/23?page=5","Steel Pro™ Piscine Rectangulaire 259 x 170 x 61cm Bestway 56403","38,000 دج","+ أضف إلى السلة","https://sawaqli.fra1.cdn.digitaloceanspaces.com/21498/56403-cnc.jpg"
"1786188379-19","https://sawa9ly.app/category/23?page=5","Steel Pro™ Piscine Rectangulaire 400 x 211 x 81cm Bestway","59,000 دج","+ أضف إلى السلة","https://sawaqli.fra1.cdn.digitaloceanspaces.com/21491/56405-cnc.jpg"
"1786188379-20","https://sawa9ly.app/category/23?page=5","Steel Pro™ Piscine Rectangulaire 300 x 201 x 66cm Bestway","46,000 دج","+ أضف إلى السلة","https://sawaqli.fra1.cdn.digitaloceanspaces.com/21486/56404-2.jpg"
"1786188374-1","https://sawa9ly.app/category/23?page=4","Chapeau d’été pour Enfants avec Ventilateur – قبعة واقية من الشمس مع مروحة","2,450 دج","+ أضف إلى السلة","https://sawaqli.fra1.cdn.digitaloceanspaces.com/50377/chapeau-venti-1.jpg"
"1786188374-2","https://sawa9ly.app/category/23?page=4","Fauteuil Gonflable Géant Champignon 112x112x66 cm Bestway 75123 – أريكة قابلة للنفخ","4,000 دج","+ أضف إلى السلة","https://sawaqli.fra1.cdn.digitaloceanspaces.com/50296/bestway-75123-10.jpg"
"1786188374-3","https://sawa9ly.app/category/23?page=4","Fauteuil Gonflable Cozy Critters 72 x 72 x 64 cm Bestway 75116 – أريكة قابلة للنفخ","3,000 دج","+ أضف إلى السلة","https://sawaqli.fra1.cdn.digitaloceanspaces.com/50287/bestway-75116-6.jpg"
"1786188374-4","https://sawa9ly.app/category/23?page=4","Chaise gonflable LED Kosmos 72 x 72 x 64cm Bestway 75122 – أريكة قابلة للنفخ","4,200 دج","+ أضف إلى السلة","https://sawaqli.fra1.cdn.digitaloceanspaces.com/50272/Bestway-75122-cnc-1.jpg"
"1786188374-5","https://sawa9ly.app/category/23?page=4","Chapeau de soleil à large bord avec double ventilateur – قبعة للحماية من الشمس مع مروحات","3,900 دج","+ أضف إلى السلة","https://sawaqli.fra1.cdn.digitaloceanspaces.com/50996/venti-hat-cnc3.jpg"
"1786188374-6","https://sawa9ly.app/category/23?page=4","Maillot Burkini Large pour Femme – بدلة سباحة بوركيني","4,700 دج","+ أضف إلى السلة","https://sawaqli.fra1.cdn.digitaloceanspaces.com/50153/Burkini-cnc-1.jpg"
"1786188374-7","https://sawa9ly.app/category/23?page=4","Tapis de Jeu Aquatique Pour Enfants – بساط رش المياه للأطفال","2,200 دج","+ أضف إلى السلة","https://sawaqli.fra1.cdn.digitaloceanspaces.com/49952/Cercle-aquatique-cnc.jpg"
"1786188374-8","https://sawa9ly.app/category/23?page=4","Bouée de natation gonflable pour bébé avec toit et Claxone – عوامة أطفال مع مظلة","2,200 دج","+ أضف إلى السلة","https://sawaqli.fra1.cdn.digitaloceanspaces.com/49750/bouee-tn-gm-cnc.jpg"
"1786188374-9","https://sawa9ly.app/category/23?page=4","Bouée de natation gonflable pour bébé avec toit – عوامة أطفال مع مظلة","1,850 دج","+ أضف إلى السلة","https://sawaqli.fra1.cdn.digitaloceanspaces.com/49740/Boue-tin-cnc.jpg"
"1786188374-10","https://sawa9ly.app/category/23?page=4","Grand bâche de piscine 244cm Bestway 58032 – غطاء مسبح","2,400 دج","+ أضف إلى السلة","https://sawaqli.fra1.cdn.digitaloceanspaces.com/49628/Bestway-58032-cnc.jpg"
"1786188374-11","https://sawa9ly.app/category/23?page=4","Grand bâche de piscine rectangulaire en polyéthylène 259 x 170 cm Bestway 58105 – غطاء مسبح","3,200 دج","+ أضف إلى السلة","https://sawaqli.fra1.cdn.digitaloceanspaces.com/49618/Bestway-58105-cnc.jpg"
"1786188374-12","https://sawa9ly.app/category/23?page=4","Bache Piscine Rectangulaire en Polypropylène 412x201cm Bestway 58232 – غطاء مسبح","4,000 دج","+ أضف إلى السلة","https://sawaqli.fra1.cdn.digitaloceanspaces.com/49611/bestway-bache-58232-img-cnc.jpg"
"1786188374-13","https://sawa9ly.app/category/23?page=4","Grand bâche de piscine 370cm Bestway 58037 – غطاء مسبح","4,100 دج","+ أضف إلى السلة","https://sawaqli.fra1.cdn.digitaloceanspaces.com/49572/Bestway-58037-2-1.jpg"
"1786188374-14","https://sawa9ly.app/category/23?page=4","Support Parasol en Polypropylène Durable – حامل مظلة شمسية","2,700 دج","+ أضف إلى السلة","https://sawaqli.fra1.cdn.digitaloceanspaces.com/49322/support-parasol-new-cnc.jpg"
"1786188374-15","https://sawa9ly.app/category/23?page=4","Masque de Plongée Intégral 180 ° Grande vue Anti-buée avec Double Tubes- قناع غوص إحترافي","6,200 دج","+ أضف إلى السلة","https://sawaqli.fra1.cdn.digitaloceanspaces.com/48782/Masque-CHN021-CNC-1.jpg"
"1786188374-17","https://sawa9ly.app/category/23?page=4","Kit de voyage 3in1 Oreiller en mousse à mémoire de forme en forme de U avec Bouchon d’oreille et Bandeau Yeux","2,100 دج","+ أضف إلى السلة","https://sawaqli.fra1.cdn.digitaloceanspaces.com/23127/Staricare-Coussin-cnc.jpg"
"1786188374-18","https://sawa9ly.app/category/23?page=4","Bestway Masque et Tuba Crusader pour Jeunes Enfants à partir de 7 Ans 24025","3,200 دج","+ أضف إلى السلة","https://sawaqli.fra1.cdn.digitaloceanspaces.com/22425/couuv.jpg"
"1786188374-19","https://sawa9ly.app/category/23?page=4","Bestway Masque et Tuba Dominator pour Adultes dès 14 Ans 24029","3,100 دج","+ أضف إلى السلة","https://sawaqli.fra1.cdn.digitaloceanspaces.com/22418/couv-23.jpg"
"1786188374-20","https://sawa9ly.app/category/23?page=4","INTEX Gilet de sauvetage pour Enfants","5,500 دج","+ أضف إلى السلة","https://sawaqli.fra1.cdn.digitaloceanspaces.com/22414/Intex-69680EU-CNC.jpg"
"1786188369-1","https://sawa9ly.app/category/23?page=3","Matelas de Piscine Gonflable Bestway Transat avec Chambre à Eau Rafraîchissante - سرير المسبح والشاطئ الهوائي الفاخر مع حجرة تبريد مائية","3,850 دج","+ أضف إلى السلة","https://sawa9ly.app/storage/74201/1780842675716-b6970r.jpg"
"1786188369-2","https://sawa9ly.app/category/23?page=3","Mini Lampe de Poche COB LED Portable Rechargeable avec Trépied - مصباح متعدد الوظائف مع حامل","1,350 دج","+ أضف إلى السلة","https://sawa9ly.app/storage/74035/1780569232626_61ztrxs1_614vdznkgdl._ac_sl1000_.jpg"
"1786188369-4","https://sawa9ly.app/category/23?page=3","Bouée Gonflables en forme de Flamingo Rose -عوامة قابلة للنفخ فلامينجو","1,800 دج","+ أضف إلى السلة","https://sawaqli.fra1.cdn.digitaloceanspaces.com/51727/bouee-flamingo-7.jpg"
"1786188369-5","https://sawa9ly.app/category/23?page=3","Cage de Water-Polo Gonflable Intex 58507NP – لعبة كرة الماء","4,100 دج","+ أضف إلى السلة","https://sawaqli.fra1.cdn.digitaloceanspaces.com/51488/intex-58507np-cnc.jpg"
"1786188369-6","https://sawa9ly.app/category/23?page=3","Bouée Gonflable Dauphin pour enfants INTEX 58535NP – عوامة أطفال","2,800 دج","+ أضف إلى السلة","https://sawaqli.fra1.cdn.digitaloceanspaces.com/51249/INTEX-58535NP-CNC.jpg"
"1786188369-7","https://sawa9ly.app/category/23?page=3","Jeu de Basket-ball Flottant Gonflable Intex 58504 – لعبة كرة سلة","2,850 دج","+ أضف إلى السلة","https://sawaqli.fra1.cdn.digitaloceanspaces.com/51147/intex-58504-cnc.jpg"
"1786188369-8","https://sawa9ly.app/category/23?page=3","Bateau Gonflables Challenger 2 avec Deux Rames et Pompe Intex 68367NP – قارب كبير مع مجاديف ومضخة","19,500 دج","+ أضف إلى السلة","https://sawaqli.fra1.cdn.digitaloceanspaces.com/51135/Challenger-2-cnc.jpg"
"1786188369-9","https://sawa9ly.app/category/23?page=3","Bateau Gonflables Challenger 3 avec Deux Rames et Pompe Intex 68370EP – قارب كبير مع مجاديف ومضخة","29,000 دج","+ أضف إلى السلة","https://sawaqli.fra1.cdn.digitaloceanspaces.com/51073/Intex-Challenger-3-cnc.jpg"
"1786188369-10","https://sawa9ly.app/category/23?page=3","Gilet de natation Deluxe pour enfants INTEX 58671EU – سترة سباحة للأطفال","1,500 دج","+ أضف إلى السلة","https://sawaqli.fra1.cdn.digitaloceanspaces.com/51007/intex-58671EU-cnc.jpg"
"1786188369-11","https://sawa9ly.app/category/23?page=3","Grande Matelas gonflable de piscine en forme de Sucette Intex 58753EU – عوامة مسبح قابلة للنفخ","2,400 دج","+ أضف إلى السلة","https://sawaqli.fra1.cdn.digitaloceanspaces.com/50988/Intex-58753EU-cnc.jpg"
"1786188369-12","https://sawa9ly.app/category/23?page=3","Bouée de piscine Design Paon 3D pour Enfants – حوض سباحة على شكل طائر","5,250 دج","+ أضف إلى السلة","https://sawaqli.fra1.cdn.digitaloceanspaces.com/50763/Bouee-OIS-cnc-1.jpg"
"1786188369-13","https://sawa9ly.app/category/23?page=3","Bouée Gonflable pour enfants avec toit de protection UV Bestway 34091 – عوامة مائية للأطفال","2,300 دج","+ أضف إلى السلة","https://sawaqli.fra1.cdn.digitaloceanspaces.com/50749/34091-cnc.jpg"
"1786188369-14","https://sawa9ly.app/category/23?page=3","Étui de plongée étanche PULUZ 40m pour iPhone 16/15/14/13/12/11 Pro Max - حافظة هاتف إحترافية تحت الماء","15,500 دج","+ أضف إلى السلة","https://sawaqli.fra1.cdn.digitaloceanspaces.com/50698/PULUZ-40M-3.jpg"
"1786188369-15","https://sawa9ly.app/category/23?page=3","Matelas gonflable avec fenêtre Bestway 43040 – فرشة إسترخاء مائية","2,700 دج","+ أضف إلى السلة","https://sawaqli.fra1.cdn.digitaloceanspaces.com/50555/bestway-43040-cnc.jpg"
"1786188369-16","https://sawa9ly.app/category/23?page=3","Pompe à main 36 cm Bestway 62003 – مضخة هواء يدوية","2,300 دج","+ أضف إلى السلة","https://sawaqli.fra1.cdn.digitaloceanspaces.com/50543/bestway-62003-cnc.jpg"
"1786188369-17","https://sawa9ly.app/category/23?page=3","Ceinture de Natation Flottante pour Enfants – حزام السباحة","1,400 دج","+ أضف إلى السلة","https://sawaqli.fra1.cdn.digitaloceanspaces.com/50508/Floatig-Belt-CNC.jpg"
"1786188369-18","https://sawa9ly.app/category/23?page=3","Casquette d’été avec Ventilateur de Refroidissement – قبعة مع مروحة تعمل بالطاقة الشمسية","3,300 دج","+ أضف إلى السلة","https://sawaqli.fra1.cdn.digitaloceanspaces.com/50411/casquette-Vt-cnc.jpg"
"1786188369-19","https://sawa9ly.app/category/23?page=3","Bouée Gonflable Multicouleurs Pour Enfant Bestway 36163 – عوامة أطفال","1,950 دج","+ أضف إلى السلة","https://sawaqli.fra1.cdn.digitaloceanspaces.com/50396/Bestway-36163-cnc.jpg"
"1786188369-20","https://sawa9ly.app/category/23?page=3","Bouée gonflable avec poignées 114cm Bestway 36448 – عوامة مائية","2,200 دج","+ أضف إلى السلة","https://sawaqli.fra1.cdn.digitaloceanspaces.com/50390/Bestway-36448-3.jpg"
"1786188364-1","https://sawa9ly.app/category/23?page=2","Bouée Culotte Gonflable Intex Pool School pour Bébé 56587EU - عوامة المقعد المربعة المنفوخة للأطفال من إنتكس","2,500 دج","+ أضف إلى السلة","https://sawa9ly.app/storage/74910/1781948944651_0a6gnxq4_71yanouoyql._ac_sl1000_.jpg"
"1786188364-2","https://sawa9ly.app/category/23?page=2","Kit de Natation Intex Adventurer 55642 - Masque Sea Scan & Tuba Hi-Flo pour Enfants","2,550 دج","+ أضف إلى السلة","https://sawa9ly.app/storage/74849/1781787082889_ilob03gx_intex-55642-cnc.jpg"
"1786188364-3","https://sawa9ly.app/category/23?page=2","Bouée Chevauchable Baleine Intex pour Enfants 58523NP - عوامة ركوب الأطفال المنفوخة بشكل الحوت الأزرق من إنتكس","3,000 دج","+ أضف إلى السلة","https://sawa9ly.app/storage/74824/1781778169700_yar9ahuw_61mwc3vtnrl._ac_sl1200_.jpg"
"1786188364-4","https://sawa9ly.app/category/23?page=2","Bouée Siège Gonflable pour Bébé avec Parasol Anti-UV - Design Voiture INTEX 56573NP - عوامة السباحة المنفوخة للأطفال والرضع مع مظلة واقية من الشمس","3,250 دج","+ أضف إلى السلة","https://sawa9ly.app/storage/74793/1781708498541_rw1hsfke_intexxx.jpg"
"1786188364-5","https://sawa9ly.app/category/23?page=2","Bonnet de Natation en Silicone - Sans Latex, Confort Maximal pour Adultes - بونيه وقبعة السباحة السيليكونية","1,000 دج","+ أضف إلى السلة","https://sawa9ly.app/storage/74705/1781690704247_h8wuobf2_bestway-26006-cnc.jpg"
"1786188364-6","https://sawa9ly.app/category/23?page=2","Ventilateur de Cou Portable Rechargeable USB NO.TJ-32A - مروحة العنق المحمولة","2,000 دج","+ أضف إلى السلة","https://sawa9ly.app/storage/74685/1781617186599_qnhqgm8s_tj-32a-cnc.jpg"
"1786188364-7","https://sawa9ly.app/category/23?page=2","Mini Ventilateur de Bureau Orientable USB - Compact et Ultra-Silencieux - مروحة العنق المصغرة والمرنة للتبريد الصامت","2,200 دج","+ أضف إلى السلة","https://sawa9ly.app/storage/74668/1781537538724-krw5kx.jpg"
"1786188364-8","https://sawa9ly.app/category/23?page=2","Mini Ventilateur de Bureau Portable USB - Ultra-Silencieux avec Batterie 1200mAh - مروحة المكتب اللاسلكية والمحمولة فائقة الهدوء بـ 3 سرعات","2,350 دج","+ أضف إلى السلة","https://sawa9ly.app/storage/74655/1781536766742-devjbs.jpg"
"1786188364-9","https://sawa9ly.app/category/23?page=2","Ventilateur de Cou Portable Pliable - Design Macaron Écran LED et Rechargeable USB-C - مروحة الرقبة المحمولة والذكية القابلة للطي بـ 5 سرعات وشاشة","2,000 دج","+ أضف إلى السلة","https://sawa9ly.app/storage/74631/1781536644383-54foyt.jpg"
"1786188364-10","https://sawa9ly.app/category/23?page=2","Casquette Anti-Chaleur avec Ventilateur Solaire et Rechargeable USB - قبعة التبريد الشمسية الذكية مع مروحة مدمجة قابلة للشحن","2,450 دج","+ أضف إلى السلة","https://sawa9ly.app/storage/74605/1781433941751-46yh3e.jpg"
"1786188364-11","https://sawa9ly.app/category/23?page=2","Bouée de natation gonflable pour bébé avec toit V2 - عوامة أطفال مع مظلة","1,600 دج","+ أضف إلى السلة","https://sawa9ly.app/storage/74485/1781185210901-vceq5k.png"
"1786188364-12","https://sawa9ly.app/category/23?page=2","Bouée de Natation Adulte Design Pneu Sport en PVC Haute Résistance - عوامة وعجلة سباحة للبالغين بتصميم إطار السيارة الرياضي","1,200 دج","+ أضف إلى السلة","https://sawa9ly.app/storage/74472/1781184980399-qt8wdx.jpg"
"1786188364-13","https://sawa9ly.app/category/23?page=2","Chapeau de Paille Iconique de Luffy - Cosplay Anime One Piece - قبعة قش لوفي الأسطورية الشهيرة لعشاق أنمي ون بيس","1,700 دج","+ أضف إلى السلة","https://sawa9ly.app/storage/74444/1781166406213-3q3eti.jpg"
"1786188364-15","https://sawa9ly.app/category/23?page=2","Hamac de Plage Flottant avec Siège Réglable - عوامة إسترخاء مائية","3,150 دج","+ أضف إلى السلة","https://sawa9ly.app/storage/74415/1781165480602-xj4gs8.jpg"
"1786188364-16","https://sawa9ly.app/category/23?page=2","Chaise de Camping Pliante avec Dossier Réglable - كرسي تخييم بظهر عالي مريح قابل لتمديد","4,200 دج","+ أضف إلى السلة","https://sawa9ly.app/storage/74376/1781086949707-lxwaib.jpg"
"1786188364-17","https://sawa9ly.app/category/23?page=2","Bouée Flotteur Licorne pour Bébé avec Parasol Anti-UV - عوامة المسبح للأطفال بتصميم وحيد القرن مع مظلة حماية","2,250 دج","+ أضف إلى السلة","https://sawa9ly.app/storage/74366/1781086084152-hethnp.png"
"1786188364-18","https://sawa9ly.app/category/23?page=2","Bouée Gonflable pour enfants avec toit de protection UV Bestway 34091 - عوامة مائية للأطفال","2,200 دج","+ أضف إلى السلة","https://sawa9ly.app/storage/74280/ed8bc6142570a3b2_34091-8.jpg"
"1786188364-19","https://sawa9ly.app/category/23?page=2","Matelas de Piscine Gonflable Bestway 43103 - فرشة مسبح قابلة للنفخ","3,000 دج","+ أضف إلى السلة","https://sawa9ly.app/storage/74269/1780928152623-tiyh9p.jpg"
"1786188364-20","https://sawa9ly.app/category/23?page=2","Hamac de Piscine Gonflable Multifonction 4-en-1 avec Siège en Maille - عوامة مسبح هوائية 4 في 1 بنسيج شبكي","2,550 دج","+ أضف إلى السلة","https://sawa9ly.app/storage/74214/1780843005891-gn40p9.jpg"
"1786188358-1","https://sawa9ly.app/category/23","Mini Ventilateur Rechargeable USB-C Clip Orientable 360° avec 3 Vitesses - مروحة حزام صغيرة محمولة وبدون شفرات مع مشبك دوار","1,800 دج","+ أضف إلى السلة","https://sawa9ly.app/storage/76559/1785765548712_kjazyco0_1.jpg"
"1786188358-2","https://sawa9ly.app/category/23","Mini Purificateur et Refroidisseur d'Air Portable 4en1 5 Vitesses - مبرد ومكيف هواء محمول 4 في 1 برذاذ الماء وبطارية قابلة للشحن","3,400 دج","+ أضف إلى السلة","https://sawa9ly.app/storage/76252/1785057385819_qeyygpwb_1.jpg"
"1786188358-3","https://sawa9ly.app/category/23","chaise Pliable de Camping pour Enfants Structure En Acier avec Porte-Gobelet et Sac de Transport - كرسي تخييم قابل للطي للأطفال","3,100 دج","+ أضف إلى السلة","https://sawa9ly.app/storage/76076/1784982318574_yjkl054f_257528-1200-auto.webp"
"1786188358-4","https://sawa9ly.app/category/23","Bateau Gonflable pour Enfants Bestway 34203 Avec Pare-Soleil Amovible - قارب أطفال منفوخ مع مظلة واقية من الشمس","2,400 دج","+ أضف إلى السلة","https://sawa9ly.app/storage/76068/1784974032005_aq2foefl_1.jpg"
"1786188358-5","https://sawa9ly.app/category/23","Bateau Gonflable pour Enfants Bestway Space Splash avec Pare-Soleil UV Amovible - قارب أطفال منفوخ بتصميم مركبة فضائية ومقود تفاعلي","3,950 دج","+ أضف إلى السلة","https://sawa9ly.app/storage/76058/1784975114446_me6hqay0_1.jpg"
"1786188358-6","https://sawa9ly.app/category/23","Porte-Gobelets Flottants Gonflables pour Piscine Design Amusant Matériau PVC - حامل أكواب مائي منفوخ للمسبح بتصاميم الفواكه","550 دج","+ أضف إلى السلة","https://sawa9ly.app/storage/76041/1784972392485_wie3urpm_1.jpg"
"1786188358-7","https://sawa9ly.app/category/23","Kit de Voyage Confort 2en1 Oreiller Cervical en Mousse à Mémoire de Forme et Masque de Nuit Peluche - طقم السفر المريح وسادة رقبة ميموري فوم مع قناع نوم","1,550 دج","+ أضف إلى السلة","https://sawa9ly.app/storage/75636/1782826821910_1je2sfky_1.jpg"
"1786188358-8","https://sawa9ly.app/category/23","Air de Jeux Gonflable Bestway 53069 Lava Lagoon Toboggan Amovible et Fontaine à Eau - مركز الألعاب المائي المتكامل للأطفال","18,300 دج","+ أضف إلى السلة","https://sawa9ly.app/storage/75557/1782654305059_0xpujoew_1.jpg"
"1786188358-9","https://sawa9ly.app/category/23","Piscine Gonflable Familiale Bestway 54337 Avec Parasol Amovible et Siège Confortable - مسبح عائلي مع مظلة واقية من الشمس ومقعد مريح","16,300 دج","+ أضف إلى السلة","https://sawa9ly.app/storage/75547/1782655218988_1dlm0lmh_1.jpg"
"1786188358-10","https://sawa9ly.app/category/23","Sac de Plage Eva et Silicone Garni de Trous Grand Cabas Imperméable Tendance pour Été - حقيبة الشاطئ السيليكونية العصرية المقاومة للماء","2,750 دج","+ أضف إلى السلة","https://sawa9ly.app/storage/75165/1782125496215_lt4ie8o1_photo_2026-06-22_11-48-50.jpg"
"1786188358-11","https://sawa9ly.app/category/23","Planche de Natation Évolutive en Mousse EVA Pull Buoy Réglable 3 Sections pour Enfants - لوح السباحة الإسفنجي الثلاثي القابل للتعديل والفصل","1,650 دج","+ أضف إلى السلة","https://sawa9ly.app/storage/75155/1782123735427_l3mxwj9b_1-(1).jpg"
"1786188358-12","https://sawa9ly.app/category/23","Planche de Natation Kickboard pour Enfants avec Trous de Poignée Ergonomiques - لوح السباحة الإسفنجي للأطفال بمقابض مطورة","1,600 دج","+ أضف إلى السلة","https://sawa9ly.app/storage/75147/1782119845163_x4007ru2_1.jpg"
"1786188358-13","https://sawa9ly.app/category/23","Brassards Gonflables Bestway 32033 Swim Safe Étape C Double Chambre à Air - أكمام السباحة المنفوخة للأطفال من بيستواي","900 دج","+ أضف إلى السلة","https://sawa9ly.app/storage/75084/1782036384933_43melzfs_1.jpg"
"1786188358-14","https://sawa9ly.app/category/23","Matelas GonflableTechnologie Fiber-Tech avec Pompe à Pied Intégrée Intex 64761 - فرشة إنتكس الهوائية الكلاسيكية الفردية بمضخة قدم مدمجة","6,400 دج","+ أضف إلى السلة","https://sawa9ly.app/storage/74961/1781964753268_meoo5bis_intex-64761-cnc.jpg"
"1786188358-15","https://sawa9ly.app/category/23","Matelas Gonflable de Piscine Intex 58890EU Avec Oreiller et Porte-Gobelets - عوامة المسبح الهوائية الفاخرة مع مسند رأس وحامل أكواب من إنتكس","3,250 دج","+ أضف إلى السلة","https://sawa9ly.app/storage/74955/1781963356190_5o7yfopu_intex-58890eu-cnc.jpg"
"1786188358-16","https://sawa9ly.app/category/23","Matelas de Camping Gonflable Intex 64097NP - Technologie Fiber-Tech avec Pompe USB150 - مرتبة التخييم الهوائية ""إنتكس"" الفردية فائقة الخفة مع مضخة","15,000 دج","+ أضف إلى السلة","https://sawa9ly.app/storage/74946/1781961673938_uaglv3nr_intex-64097np-cnc.jpg"
"1786188358-17","https://sawa9ly.app/category/23","Appui-Tête Gonflable pour Spa Intex 28501 - Amovible et Lesté à l'Eau - مسند الرأس المائي الفاخر لمسابح السبا والجاكوزي من إنتكس","1,850 دج","+ أضف إلى السلة","https://sawa9ly.app/storage/74941/1781959972432_l0x0s8rm_51qxjamtdul._ac_sl1000_.jpg"
"1786188358-18","https://sawa9ly.app/category/23","Diffuseur de Chlore Flottant Intex 29040 pour Piscines et Spa - موزع أقراص الكلور العائم للمسابح من إنتكس (5 بوصة)","1,400 دج","+ أضف إلى السلة","https://sawa9ly.app/storage/74935/1781958590573_rnfz7sqp_intex-29040np-cnc.jpg"
"1786188358-19","https://sawa9ly.app/category/23","Diffuseur de Chlore Flottant Intex 29041 pour Piscines et Spa - موزع أقراص الكلور العائم للمسابح من إنتكس (7 بوصة)","1,750 دج","+ أضف إلى السلة","https://sawa9ly.app/storage/74928/1781953323399_8epl6ec9_intex-29041np-cnc.jpg"
"1786188358-20","https://sawa9ly.app/category/23","Matelas de Camping Intex TruAire Twin Technologie Fiber-Tech avec Pompe USB150 - فرشة التخييم الهوائية الفاخرة مع مضخة ومسند رأس","17,400 دج","+ أضف إلى السلة","https://sawa9ly.app/storage/74917/1781950818782_dg55mzgc_intex-64011-cnc.jpg"
"1786188565-1","https://sawa9ly.app/category/17","Chauffage Soufflant electrique puissant de 380W – مدفأة كهربائية قوية بقدرة 380 واط، بتصميم أنيق وكفاءة عالية","3,600 دج","+ أضف إلى السلة","https://sawa9ly.app/storage/62129/Chauffage-t.jpg"
"1786188565-2","https://sawa9ly.app/category/17","Balai Aspirateur Multismart 500W/14Kpa 2en1avec Filtre de Haute efficacité et 9 Têtes de Rechange – مكنسة كهربائية منزلية بعدة رؤوس","6,900 دج","+ أضف إلى السلة","https://sawa9ly.app/storage/61376/Multismart-V3-cnc.jpg"
"1786188565-3","https://sawa9ly.app/category/17","Mini Machine à Laver Pliable et Portable 3 Modes avec Fonction Déshydratation – غسالة ملابس محمولة","4,800 دج","+ أضف إلى السلة","https://sawaqli.fra1.cdn.digitaloceanspaces.com/57158/Washing-Machine-Mini-cnc.jpg"
"1786188565-4","https://sawa9ly.app/category/17","Ventilateur 3 Vitesses 20″ Rhinos Electronics 130W – مروحة حجم كبير","4,300 دج","+ أضف إلى السلة","https://sawaqli.fra1.cdn.digitaloceanspaces.com/51920/Rhinos-cnc.jpg"
"1786188565-5","https://sawa9ly.app/category/17","KitchenLab Aspirateur Sans Sac 4en1 Multi-Cyclonique 1400W – مكنسة كهربائية","11,500 دج","+ أضف إلى السلة","https://sawaqli.fra1.cdn.digitaloceanspaces.com/50499/KitchenChef-Aspi-3.jpg"
"1786188565-6","https://sawa9ly.app/category/17","Philips Machine à café à capsules 19BAR L'OR BARISTA SUBLIME avec 20 capsule","24,500 دج","+ أضف إلى السلة","https://sawaqli.fra1.cdn.digitaloceanspaces.com/14261/BARISTA-SUBLIME.jpg"
"1786188565-7","https://sawa9ly.app/category/17","RAYLAN Aspirateur - 1600 Watts - Réservoir 4 Litres Moteur en aluminium avec contrôle de vitesse","12,000 دج","+ أضف إلى السلة","https://sawaqli.fra1.cdn.digitaloceanspaces.com/14177/Aspirateur-RPA-A1600-1-1.jpg"
"1786188565-8","https://sawa9ly.app/category/17","CUISINE PACK 4","5,400 دج","+ أضف إلى السلة","https://sawaqli.fra1.cdn.digitaloceanspaces.com/42069/2.png"
"1786188565-9","https://sawa9ly.app/category/17","Chauffage Electrique et Gril 360 Degrés Eco Faible Consommation 5 façades 2000 W","3,850 دج","+ أضف إلى السلة","https://sawaqli.fra1.cdn.digitaloceanspaces.com/12020/Ventilateur-chauffant-Portable012dfsdfsdf.jpg"
"1786188565-10","https://sawa9ly.app/category/17","Réveil Numérique à Miroir  Rechargeable avec Haut-parleur Portable Bluetooth 5.0","1,450 دج","+ أضف إلى السلة","https://sawaqli.fra1.cdn.digitaloceanspaces.com/7590/0-5.jpg"
"1786188565-11","https://sawa9ly.app/category/17","Mini rasoir professionnel étanche rechargeable HW-T8 en acier","1,800 دج","+ أضف إلى السلة","https://sawaqli.fra1.cdn.digitaloceanspaces.com/25145/HW-T8.jpg"
"1786188565-12","https://sawa9ly.app/category/17","Lampes Solaires d'Extérieur avec Détecteur de Mouvement Forme De Caméra v4","2,400 دج","+ أضف إلى السلة","https://sawaqli.fra1.cdn.digitaloceanspaces.com/6990/0-3.jpg"
"1786188565-13","https://sawa9ly.app/category/17","Réveil numérique intelligent avec projecteur 180° TempéRature USB , Snooze","1,950 دج","+ أضف إلى السلة","https://sawa9ly.app/storage/68139/Réveil-numérique-cncb.jpg"
"1786188565-14","https://sawa9ly.app/category/17","Mini Machine à Laver Portable 2 en 1, Laveuse à Ultrasons avec Câble USB","2,100 دج","+ أضف إلى السلة","https://sawaqli.fra1.cdn.digitaloceanspaces.com/6634/Mini-Machine-laver-Portable-ultrasons-Turbo-aliment-par-USB-enti-rement-automatique-limine-la-salet-nettoyage.webp"